S42101000100	T42101000366	2.480105483873922e-06
S42101001000	T42101000366	2.561689505787003e-06
S42101001600	T42101000366	9.59686303398405e-07
S42101001700	T42101000366	1.0302807096129174e-06
S42101002500	T42101000366	1.4574800948174065e-06
S42101002700	T42101000366	4.986200800033292e-07
S42101012900	T42101000366	2.525355473935524e-06
S42101036600	T42101000366	0.00023748322467321425
S42101000100	T42101000001	7.105410388389116e-05
S42101000200	T42101000001	1.360001364904509e-06
S42101000500	T42101000001	1.0557132216338308e-06
S42101000600	T42101000001	2.7592709654187193e-08
S42101001000	T42101000001	1.5002068199209018e-06
S42101000100	T42101000128	7.765014311403401e-07
S42101012700	T42101000128	1.6537637454189222e-06
S42101012800	T42101000128	2.446259692344503e-05
S42101013000	T42101000128	3.221879000084031e-07
S42101000100	T42101000127	2.5695010502650783e-07
S42101000200	T42101000127	6.99359970227652e-07
S42101012600	T42101000127	1.8551620727250368e-06
S42101012700	T42101000127	3.2949670852011135e-05
S42101000100	T42101000129	6.323970960897584e-07
S42101012800	T42101000129	2.0048316717728914e-06
S42101012900	T42101000129	3.4002541726079045e-05
S42101013000	T42101000129	1.155360506045016e-06
S42101000200	T42101000002	3.970061709747454e-05
S42101000300	T42101000002	1.207476255177084e-06
S42101000400	T42101000002	5.180131988543431e-08
S42101000500	T42101000002	1.7951053274270708e-06
S42101000200	T42101000126	1.0186215673776595e-06
S42101000300	T42101000126	5.553143262374139e-08
S42101012500	T42101000126	1.5889120424196513e-06
S42101012600	T42101000126	3.555706929091791e-05
S42101013300	T42101000126	2.598656666652126e-07
S42101000300	T42101000004	2.453376637499124e-07
S42101000400	T42101000004	5.239677074954696e-05
S42101000500	T42101000004	2.1240239510137023e-07
S42101000700	T42101000004	2.6440735306611483e-06
S42101008900	T42101000004	8.736935026278885e-07
S42101000300	T42101000003	5.520103354077609e-05
S42101000400	T42101000003	2.66216144882404e-06
S42101012500	T42101000003	1.492240412971586e-06
S42101000300	T42101000125	2.80248810767085e-06
S42101012500	T42101000125	8.75645376164684e-05
S42101000400	T42101000005	1.4222164817383579e-06
S42101000500	T42101000005	4.239229405584016e-05
S42101000600	T42101000005	1.7829614803472506e-06
S42101000700	T42101000005	5.252798209492426e-08
S42101000600	T42101000010	3.724180585704616e-07
S42101000900	T42101000010	8.523999289660754e-07
S42101001000	T42101000010	7.027956239303342e-05
S42101001100	T42101000010	1.1947832986909853e-06
S42101001500	T42101000010	2.7621290418572416e-07
S42101001600	T42101000010	1.254673416543856e-06
S42101000600	T42101000006	1.553652175142192e-05
S42101000700	T42101000006	4.77488182414066e-07
S42101000800	T42101000006	5.281731617618265e-08
S42101000900	T42101000006	1.7574889687455657e-06
S42101001000	T42101000006	3.068378125238662e-08
S42101000700	T42101000007	2.423236030480589e-05
S42101000800	T42101000007	2.7627522406406275e-06
S42101008900	T42101000007	4.5988745454637537e-07
S42101000800	T42101000009	7.683479326892029e-07
S42101000900	T42101000009	2.4947461102275615e-05
S42101001100	T42101000009	1.783085022732209e-06
S42101001200	T42101000009	5.6105942310048953e-08
S42101000800	T42101000008	3.984918251048719e-05
S42101001200	T42101000008	2.9114277144754177e-06
S42101008900	T42101000008	6.043897750444684e-07
S42101001100	T42101000011	3.650568167857604e-05
S42101001200	T42101000011	1.149520830471343e-06
S42101001400	T42101000011	5.222536398323135e-08
S42101001500	T42101000011	1.7725721269761528e-06
S42101001200	T42101000012	6.680181301273447e-05
S42101001300	T42101000012	1.8590069693519867e-06
S42101001400	T42101000012	1.8170764572644394e-06
S42101007600	T42101000012	3.9744728074143383e-08
S42101008900	T42101000012	4.3225883255819723e-07
S42101001300	T42101000033	3.0861213886295504e-08
S42101003300	T42101000033	7.616985049595092e-05
S42101003400	T42101000033	1.4262714836559216e-06
S42101003500	T42101000033	2.0114673000077094e-06
S42101003600	T42101000033	2.355877006524528e-06
S42101001300	T42101000020	9.916798563213295e-08
S42101002000	T42101000020	2.80590004189092e-05
S42101003200	T42101000020	1.281159193583284e-06
S42101003300	T42101000020	1.085772401852913e-06
S42101001300	T42101000019	9.748070862201462e-07
S42101001900	T42101000019	3.178698669243637e-05
S42101002100	T42101000019	8.50987838773546e-07
S42101002200	T42101000019	9.624183825719199e-07
S42101001300	T42101000014	1.0306853268004005e-06
S42101001400	T42101000014	3.080787712320247e-05
S42101001900	T42101000014	1.7714375499924107e-06
S42101001300	T42101000013	7.750710241808461e-05
S42101002000	T42101000013	1.2401165897036037e-06
S42101002100	T42101000013	1.797332715264794e-07
S42101003300	T42101000013	1.5129459414803147e-06
S42101007600	T42101000013	1.0443347791780425e-06
S42101001400	T42101000018	2.870000000035176e-07
S42101001800	T42101000018	2.236339688459868e-05
S42101001900	T42101000018	3.3402960396167327e-07
S42101002400	T42101000018	2.2605735114288275e-06
S42101001400	T42101000015	6.504555555510443e-07
S42101001500	T42101000015	2.2537921777775993e-05
S42101001800	T42101000015	2.051622666674291e-06
S42101001500	T42101000016	6.55143191063283e-07
S42101001600	T42101000016	1.8815867780039607e-05
S42101001700	T42101000016	1.5044950955715684e-06
S42101001800	T42101000016	5.472143333587579e-08
S42101001700	T42101000017	1.9146996694822808e-05
S42101001800	T42101000017	7.47509015386909e-07
S42101002400	T42101000017	6.675311991023566e-08
S42101002500	T42101000017	1.7208636698871653e-06
S42101001900	T42101000024	6.854461536266116e-07
S42101002200	T42101000024	4.557447206839963e-07
S42101002300	T42101000024	2.1750094918888456e-06
S42101002400	T42101000024	5.236099320396561e-05
S42101002800	T42101000024	7.70038400006497e-07
S42101002900	T42101000024	3.7768029850194045e-08
S42101002000	T42101000021	1.2259829913922896e-06
S42101002100	T42101000021	2.2836158649320768e-05
S42101003100	T42101000021	9.87453567757259e-07
S42101003200	T42101000021	5.5404791521625264e-08
S42101002100	T42101000022	1.2357702403759203e-06
S42101002200	T42101000022	2.252146957108263e-05
S42101003000	T42101000022	9.856940539289492e-07
S42101003100	T42101000022	6.186613461318657e-08
S42101002200	T42101000023	8.65367325666012e-07
S42101002300	T42101000023	2.0110990508118823e-05
S42101002900	T42101000023	1.24970236038834e-06
S42101003000	T42101000023	5.8939805834102656e-08
S42101002400	T42101000025	1.8313801646935919e-06
S42101002500	T42101000025	3.881680623529823e-05
S42101002700	T42101000025	1.295454571419518e-06
S42101002800	T42101000025	5.135902857087048e-08
S42101002700	T42101000026	2.1076314683824453e-06
S42101004201	T42101000026	1.9141038081839497e-07
S42101002700	T42101000027	5.862289388017429e-05
S42101002800	T42101000027	2.5668878441682253e-06
S42101004101	T42101000027	3.0104755847302057e-07
S42101004201	T42101000027	1.033770717172679e-06
S42101002800	T42101000028	5.9118964727248024e-05
S42101002900	T42101000028	1.5876451818247343e-06
S42101004001	T42101000028	8.190297593515754e-07
S42101004101	T42101000028	9.740603315632823e-07
S42101002900	T42101000040	1.479943181808912e-07
S42101003901	T42101000040	1.704312987925955e-06
S42101003902	T42101000040	1.432397225648639e-06
S42101004001	T42101000040	3.074634883935471e-05
S42101004002	T42101000040	3.312800701536755e-05
S42101004500	T42101000040	1.0159396135228767e-06
S42101002900	T42101000029	3.5412190109740314e-05
S42101003000	T42101000029	2.544841320482302e-06
S42101003901	T42101000029	4.5436062729558575e-07
S42101004001	T42101000029	2.390794247264453e-08
S42101003000	T42101000030	4.587552481978502e-05
S42101003100	T42101000030	2.1108062499838765e-06
S42101003701	T42101000030	5.068000000079477e-07
S42101003901	T42101000030	9.718689302283395e-07
S42101003100	T42101000031	3.851737404762336e-05
S42101003200	T42101000031	2.054028229300812e-06
S42101003701	T42101000031	1.0935977230830222e-06
S42101003200	T42101000032	4.858940778558954e-05
S42101003300	T42101000032	2.068946137501774e-06
S42101003600	T42101000032	8.975780641401385e-07
S42101003701	T42101000032	4.240680127750894e-07
S42101003300	T42101000076	5.397140232288985e-07
S42101003400	T42101000076	9.652613405911105e-07
S42101007400	T42101000076	3.4122112551445026e-08
S42101007600	T42101000076	0.00011635241533748848
S42101007700	T42101000076	2.2773507237960984e-06
S42101008800	T42101000076	4.5747343202473134e-07
S42101003400	T42101000035	2.215821588742782e-05
S42101003500	T42101000035	0.00016718166778306913
S42101004600	T42101000035	4.788837416187359e-07
S42101006800	T42101000035	3.3319432072199524e-06
S42101006900	T42101000035	2.5083741837148213e-06
S42101003400	T42101000075	5.076001007208816e-06
S42101006900	T42101000075	1.458788544554891e-05
S42101007000	T42101000075	3.8271404114718095e-08
S42101007400	T42101000075	1.1726678728231292e-06
S42101003400	T42101000034	4.955800078112727e-05
S42101003500	T42101000034	1.7091391005188672e-05
S42101007600	T42101000034	5.243670974329896e-07
S42101003500	T42101000046	1.5928105265549368e-08
S42101004600	T42101000046	0.000415111718043244
S42101004700	T42101000046	1.6113413458160298e-09
S42101005100	T42101000046	2.073488653563345e-08
S42101003500	T42101000036	6.20623530653618e-06
S42101003600	T42101000036	8.776864069347105e-05
S42101003800	T42101000036	1.3399762780233817e-07
S42101004600	T42101000036	3.040987220308672e-08
S42101003600	T42101000037	2.7340692358491934e-06
S42101003701	T42101000037	3.501218426413392e-05
S42101003702	T42101000037	2.612793318090651e-05
S42101003800	T42101000037	4.808133190833206e-07
S42101003701	T42101000039	8.022000000109762e-07
S42101003702	T42101000039	3.6788443750077645e-07
S42101003800	T42101000039	4.079964276783437e-06
S42101003901	T42101000039	4.221920745455199e-05
S42101003902	T42101000039	4.616891903054107e-05
S42101004700	T42101000039	8.618248006110782e-07
S42101003702	T42101003898	2.468238157772609e-08
S42101003800	T42101003898	6.796961227632857e-05
S42101004600	T42101003898	4.204110697144132e-06
S42101004700	T42101003898	6.165946449239588e-07
S42101003902	T42101000045	1.605263243818504e-06
S42101004500	T42101000045	4.910264669851106e-05
S42101004700	T42101000045	6.279590829960659e-08
S42101004800	T42101000045	1.052762590307331e-06
S42101004001	T42101000041	1.6907134588211439e-06
S42101004002	T42101000041	1.766992984616169e-06
S42101004101	T42101000041	3.730760636975467e-05
S42101004102	T42101000041	3.960287032143963e-05
S42101004400	T42101000041	4.3700159615206955e-07
S42101004500	T42101000041	8.348152692252472e-07
S42101004101	T42101000042	1.6723857402307108e-06
S42101004102	T42101000042	1.7842786785713548e-06
S42101004201	T42101000042	3.514193140934813e-05
S42101004202	T42101000042	4.463576237367866e-05
S42101004400	T42101000042	1.476041798182778e-06
S42101004201	T42101000043	1.6632374926652843e-06
S42101004202	T42101000043	2.036698126318186e-06
S42101004400	T42101000043	1.8248830351465766e-06
S42101004400	T42101000044	5.7102320570498555e-05
S42101004500	T42101000044	1.4514964187598977e-06
S42101004600	T42101000051	1.3239502260830904e-06
S42101005100	T42101000051	0.0002777795186445916
S42101005200	T42101000051	3.908066858189608e-06
S42101004600	T42101000058	6.176352067271659e-07
S42101005200	T42101000058	6.04458158609671e-07
S42101006100	T42101000058	1.7699160945485135e-06
S42101004600	T42101004798	1.2717722128963165e-06
S42101004700	T42101004798	8.388348747064939e-05
S42101005100	T42101004798	2.6008653164220824e-06
S42101004700	T42101000048	2.4559303341538006e-06
S42101004800	T42101000048	4.435294482066508e-05
S42101005100	T42101000048	5.968906051339055e-08
S42101004800	T42101000049	2.3871220890375917e-06
S42101005100	T42101000049	2.397488342714828e-06
S42101005100	T42101000050	4.613862749237013e-06
S42101005200	T42101000050	5.524167401044056e-06
S42101005200	T42101000052	0.0010725117086094653
S42101005400	T42101000052	3.5551215849753025e-06
S42101005200	T42101000057	5.19770857854099e-09
S42101005400	T42101000057	6.168420353715499e-07
S42101005600	T42101000057	1.6862613242221161e-06
S42101005400	T42101000054	0.000234274262426389
S42101005400	T42101000056	2.7978763067829114e-06
S42101005500	T42101000056	1.1713454070646496e-06
S42101005600	T42101000056	8.440594628616662e-05
S42101005400	T42101000055	7.178071616317542e-07
S42101005500	T42101000055	0.00011891386901846375
S42101005600	T42101000055	2.2243881675329538e-07
S42101006400	T42101000055	3.3981818181551276e-08
S42101005500	T42101000060	4.875521224457973e-06
S42101005600	T42101000060	2.774671531331931e-08
S42101006000	T42101000060	0.00010911737957122901
S42101006100	T42101000060	3.8681700477874274e-10
S42101006300	T42101000060	6.889162205025794e-07
S42101005500	T42101000063	1.4381568499831813e-06
S42101006300	T42101000063	5.535705071485007e-05
S42101006400	T42101000063	1.69479243519396e-06
S42101005600	T42101000059	2.029209857541209e-06
S42101006000	T42101000059	1.584730271144909e-06
S42101006100	T42101000059	1.7586769164043102e-10
S42101006000	T42101000061	1.6808917555085263e-06
S42101006100	T42101000061	5.253920290496968e-05
S42101006200	T42101000061	1.0752848476853988e-06
S42101006000	T42101000062	2.0583074021256745e-06
S42101006200	T42101000062	5.015810536275488e-05
S42101006300	T42101000062	1.063587235116324e-06
S42101006100	T42101000068	7.208810221992716e-07
S42101006700	T42101000068	2.7332545494894147e-06
S42101006800	T42101000068	8.517587101999198e-05
S42101006100	T42101000067	1.3232007935735812e-06
S42101006200	T42101000067	2.052259789550532e-06
S42101006300	T42101000067	4.262935894253277e-08
S42101006600	T42101000067	1.4883781279364135e-06
S42101006700	T42101000067	0.0001003435319300146
S42101006300	T42101000066	1.337466470588996e-06
S42101006400	T42101000066	8.860864197045528e-07
S42101006500	T42101000066	1.1490203673242434e-06
S42101006600	T42101000066	6.57774267423925e-05
S42101006400	T42101000064	6.539298007107294e-05
S42101006400	T42101000065	1.5624667558370486e-06
S42101006500	T42101000065	0.00011461653274223229
S42101008200	T42101000065	1.7094685967687694e-07
S42101006500	T42101000070	4.518189860894403e-08
S42101006600	T42101000070	1.8859816628408881e-06
S42101007000	T42101000070	4.622785293104981e-05
S42101007100	T42101000070	1.0209835075013855e-06
S42101006500	T42101000071	2.905071537935409e-06
S42101007100	T42101000071	6.695785713405873e-05
S42101007200	T42101000071	9.620713279951268e-07
S42101006500	T42101000072	2.7269932381762813e-06
S42101007200	T42101000072	4.865896068796087e-05
S42101008100	T42101000072	4.6236893845410424e-08
S42101008200	T42101000072	2.8091800007170746e-09
S42101006500	T42101000082	2.045333333661875e-08
S42101008200	T42101000082	8.368973229950111e-05
S42101006500	T42101000081	1.5556818174486027e-09
S42101007200	T42101000081	2.901923120339464e-07
S42101008100	T42101000081	6.132603588710556e-05
S42101008200	T42101000081	2.1162398650668976e-06
S42101008302	T42101000081	1.0409762539716357e-06
S42101006600	T42101000069	4.159596680798836e-08
S42101006700	T42101000069	2.1371810205167445e-06
S42101006800	T42101000069	1.0775167728069468e-06
S42101006900	T42101000069	6.819659187070285e-05
S42101007000	T42101000069	1.0221537860355839e-06
S42101007000	T42101000074	1.8917218787909661e-06
S42101007100	T42101000074	5.646862615104605e-07
S42101007300	T42101000074	6.569253467036992e-07
S42101007400	T42101000074	6.754890485909856e-05
S42101007800	T42101000074	4.927616538924581e-07
S42101007100	T42101000073	2.2814730969502866e-06
S42101007200	T42101000073	1.3196161719935126e-06
S42101007300	T42101000073	3.7718910731067214e-05
S42101007200	T42101000080	2.089095000010538e-07
S42101007300	T42101000080	6.252330896612819e-07
S42101008000	T42101000080	4.202314306034469e-05
S42101008100	T42101000080	2.162714349997938e-06
S42101007300	T42101000078	2.292855081046753e-06
S42101007400	T42101000078	3.954704411957669e-07
S42101007800	T42101000078	4.3246674477765826e-05
S42101007300	T42101000079	2.607575152151475e-08
S42101007800	T42101000079	7.058397609495853e-07
S42101007900	T42101000079	3.741029629786837e-05
S42101008000	T42101000079	1.7177881896526015e-06
S42101007400	T42101000077	2.0105497142868682e-06
S42101007700	T42101000077	3.053169927622273e-05
S42101007800	T42101000077	1.4727510095116695e-06
S42101007600	T42101000089	2.693272400150188e-06
S42101008800	T42101000089	1.893004411981269e-06
S42101008900	T42101000089	9.265388796667192e-05
S42101007600	T42101000088	2.5451565762992655e-07
S42101007700	T42101000088	6.82227657148553e-07
S42101008700	T42101000088	2.626311591448121e-06
S42101008800	T42101000088	5.658169509376287e-05
S42101007700	T42101000087	5.229723428657601e-07
S42101007800	T42101000087	2.2123097873457656e-08
S42101007900	T42101000087	9.304674952342769e-07
S42101008600	T42101000087	2.227098369513114e-06
S42101008700	T42101000087	5.3402114124726096e-05
S42101008800	T42101000087	2.4569800420511746e-11
S42101007900	T42101000086	1.5229862068944878e-06
S42101008000	T42101000086	4.926976376359903e-08
S42101008500	T42101000086	2.244425479478092e-06
S42101008600	T42101000086	6.209831854989084e-05
S42101008000	T42101000085	1.2297989862357274e-06
S42101008100	T42101000085	3.257487321477936e-07
S42101008400	T42101000085	2.2252745178357296e-06
S42101008500	T42101000085	6.178917776377257e-05
S42101008100	T42101000084	9.227141368951833e-07
S42101008302	T42101000084	2.5580581969202933e-06
S42101008400	T42101000084	4.88797276662115e-05
S42101008200	T42101000083	1.795471795770389e-06
S42101008301	T42101000083	5.3588010889150946e-05
S42101008302	T42101000083	4.0878688956915285e-05
S42101008301	T42101000096	7.026891212522046e-07
S42101008302	T42101000096	2.594924081680191e-07
S42101009600	T42101000096	3.99312180615648e-05
S42101009700	T42101000096	1.2304976057088082e-06
S42101010000	T42101000096	9.81102803323622e-07
S42101008301	T42101000097	9.429998957311254e-08
S42101009700	T42101000097	0.00020923151166025
S42101009800	T42101000097	4.377050506368671e-06
S42101009900	T42101000097	2.1730765743411005e-06
S42101008302	T42101000095	3.748341840503202e-07
S42101008400	T42101000095	2.7514294095395845e-07
S42101009500	T42101000095	3.0773719861210204e-05
S42101009600	T42101000095	2.1992002352666063e-06
S42101010100	T42101000095	5.679027785053325e-07
S42101008400	T42101000094	9.852548749883698e-07
S42101008500	T42101000094	2.6078630556002233e-07
S42101009400	T42101000094	3.6549205785830384e-05
S42101009500	T42101000094	1.5927000336426153e-06
S42101008500	T42101000093	1.2756104511942516e-06
S42101008600	T42101000093	2.713898938576214e-07
S42101009300	T42101000093	3.894318016940397e-05
S42101009400	T42101000093	1.6117512243494702e-06
S42101010200	T42101000093	3.3229126115173085e-07
S42101008600	T42101000092	5.254489271287702e-07
S42101008700	T42101000092	1.0762242838165576e-06
S42101008800	T42101000092	3.311758086144603e-07
S42101009200	T42101000092	5.0961767310871704e-05
S42101010500	T42101000092	1.340483669571758e-06
S42101008600	T42101000104	3.0431089834654715e-07
S42101009300	T42101000104	2.192652739922153e-06
S42101010300	T42101000104	2.157664243353902e-06
S42101010400	T42101000104	4.4635372118404635e-05
S42101008600	T42101000105	4.954833613089569e-07
S42101009200	T42101000105	2.606307592852911e-07
S42101010400	T42101000105	4.267724732045466e-06
S42101010500	T42101000105	6.411648383042293e-05
S42101011100	T42101000105	8.609248169116973e-07
S42101008800	T42101000091	8.869266838137305e-07
S42101008900	T42101000091	3.0007053450948036e-07
S42101009100	T42101000091	4.1542681962956066e-05
S42101009200	T42101000091	1.7367119298379242e-06
S42101010800	T42101000091	3.608888889281972e-09
S42101008900	T42101000090	1.0734708518613751e-06
S42101009000	T42101000090	4.399519542842377e-05
S42101009100	T42101000090	2.4059021317548316e-06
S42101008900	T42101000124	1.041554582230152e-06
S42101009000	T42101000124	2.9808435046313595e-06
S42101010700	T42101000124	1.2343226966403482e-08
S42101010800	T42101000124	4.700660488813376e-06
S42101010900	T42101000124	2.6122727847806733e-06
S42101011000	T42101000124	1.364681538474314e-06
S42101012300	T42101000124	1.1820310693668238e-09
S42101009000	T42101000109	4.989610669490668e-07
S42101009100	T42101000109	2.971534756282932e-08
S42101010800	T42101000109	2.0835963702635293e-06
S42101010900	T42101000109	2.4347727215231876e-05
S42101009100	T42101000108	4.971005577233904e-07
S42101009200	T42101000108	4.98040000004369e-07
S42101010600	T42101000108	6.185200000059334e-08
S42101010700	T42101000108	2.9252647730431565e-06
S42101010800	T42101000108	5.214254266924193e-05
S42101009200	T42101000106	7.752057142776888e-07
S42101010500	T42101000106	2.3221495999928613e-06
S42101010600	T42101000106	2.415263318572184e-05
S42101009200	T42101000107	2.4142857144328105e-09
S42101010500	T42101000107	1.7787750808586395e-06
S42101010600	T42101000107	3.035603314296163e-06
S42101010700	T42101000107	4.399477131913423e-05
S42101009300	T42101000103	1.3165400906774645e-06
S42101010200	T42101000103	2.0003804943121834e-06
S42101010300	T42101000103	2.6530114414996542e-05
S42101009400	T42101000102	1.2109899898312016e-06
S42101009500	T42101000102	1.6162658274763285e-06
S42101010200	T42101000102	3.496426418270282e-05
S42101009500	T42101000101	6.000229427579773e-08
S42101009600	T42101000101	9.785317031595062e-07
S42101010000	T42101000101	2.498126699852732e-06
S42101010100	T42101000101	6.005833930269415e-05
S42101009500	T42101000112	1.5051198339433943e-07
S42101010100	T42101000112	2.3206038566027854e-06
S42101010200	T42101000112	4.6753930885971334e-07
S42101011200	T42101000112	5.044745485115614e-05
S42101009700	T42101000100	4.011280557169485e-06
S42101010000	T42101000100	5.426182944281471e-05
S42101009700	T42101000098	3.922223030648343e-06
S42101009800	T42101000098	9.098214249688623e-05
S42101009700	T42101000115	1.5774029137616567e-06
S42101010000	T42101000115	4.721577572275834e-07
S42101011500	T42101000115	3.5080013645212404e-05
S42101011600	T42101000115	7.362656837779219e-07
S42101009700	T42101000099	1.7339698273015062e-06
S42101009900	T42101000099	1.956901717564765e-05
S42101009700	T42101000116	2.8924753773785426e-06
S42101011400	T42101000116	2.958473684053652e-08
S42101011500	T42101000116	1.641489177607515e-08
S42101011600	T42101000116	7.479637596834114e-05
S42101010000	T42101000114	6.024329677127832e-08
S42101010100	T42101000114	6.198373049700088e-07
S42101011400	T42101000114	9.815756175648675e-05
S42101011500	T42101000114	2.769411463002817e-06
S42101011600	T42101000114	1.308296178785532e-06
S42101010100	T42101000113	3.5716757244085534e-08
S42101011200	T42101000113	5.634771698337071e-07
S42101011300	T42101000113	3.352378688859756e-05
S42101011400	T42101000113	2.267019184320351e-06
S42101010200	T42101000111	2.704475296488809e-08
S42101010300	T42101000111	1.1592563416572865e-06
S42101010400	T42101000111	3.953031495269927e-07
S42101010500	T42101000111	3.919849999996093e-07
S42101011100	T42101000111	0.00013257486248832698
S42101011200	T42101000111	2.3751779789967575e-06
S42101011300	T42101000111	5.907105028532674e-07
S42101011800	T42101000111	2.755789214291839e-07
S42101011900	T42101000111	1.0106520356248129e-06
S42101012300	T42101000111	1.129382865441311e-08
S42101010500	T42101000110	5.1600319150026996e-08
S42101010700	T42101000110	1.879184680862859e-06
S42101010800	T42101000110	2.602108277391739e-08
S42101011000	T42101000110	4.736388737282476e-05
S42101011100	T42101000110	1.777100827160365e-06
S42101011000	T42101000123	2.824610088664717e-06
S42101011100	T42101000123	2.707438887102086e-06
S42101011900	T42101000123	2.4534040260791693e-06
S42101012100	T42101000123	1.7193069511878127e-06
S42101012200	T42101000123	5.442990477694777e-06
S42101012300	T42101000123	0.0006089371684266113
S42101011100	T42101000118	9.01087980521605e-07
S42101011300	T42101000118	2.2650526085368615e-06
S42101011400	T42101000118	2.482284322350146e-06
S42101011600	T42101000118	3.0950479799325993e-08
S42101011700	T42101000118	7.143181750492167e-07
S42101011800	T42101000118	9.258130643373978e-05
S42101011600	T42101000117	1.92237303559579e-06
S42101011700	T42101000117	6.740614507810635e-05
S42101011800	T42101000117	2.281294867707513e-09
S42101011700	T42101000120	1.9806867468275143e-06
S42101011800	T42101000120	1.781455750042478e-07
S42101011900	T42101000120	9.88720125553216e-07
S42101012000	T42101000120	5.963417371184195e-05
S42101011800	T42101000119	5.938887774992827e-06
S42101011900	T42101000119	6.739111222501003e-05
S42101011900	T42101000121	1.485813587690625e-06
S42101012000	T42101000121	3.619019788131637e-06
S42101012100	T42101000121	8.872556492299452e-05
S42101012100	T42101000122	3.822672625853609e-06
S42101012200	T42101000122	0.00015056428755171297
S42101012300	T42101000122	9.269743112079029e-07
S42101012300	T42101000170	2.6627808211396447e-06
S42101015000	T42101000170	2.901761566766305e-07
S42101017000	T42101000170	0.00016802167289945737
S42101017100	T42101000170	8.242237499947336e-08
S42101020600	T42101000170	9.13418405201768e-07
S42101020700	T42101000170	9.08156342504219e-07
S42101012300	T42101000207	3.32593073913484e-06
S42101017000	T42101000207	8.53664448494517e-08
S42101020700	T42101000207	0.0001536149552122136
S42101020800	T42101000207	1.7852664359239065e-06
S42101022300	T42101000207	4.6706437286981324e-07
S42101012300	T42101000150	9.03829084215856e-06
S42101012500	T42101000150	7.869731497173543e-07
S42101015000	T42101000150	0.00032123635160112536
S42101017000	T42101000150	2.8431210524914747e-08
S42101012500	T42101000134	1.595934118095926e-06
S42101013400	T42101000134	4.165394286279744e-05
S42101015000	T42101000134	1.5365730191331755e-06
S42101012500	T42101000133	7.360856603202665e-07
S42101013300	T42101000133	3.4512948484844563e-05
S42101013400	T42101000133	1.4698900972407846e-06
S42101013500	T42101000133	1.2623757575754867e-06
S42101012600	T42101000131	5.525078849964963e-08
S42101012700	T42101000131	7.639199684644124e-07
S42101013100	T42101000131	3.094566619820437e-05
S42101013200	T42101000131	2.065220044837622e-06
S42101012600	T42101000132	1.0280678478791085e-06
S42101013200	T42101000132	4.224694303467552e-05
S42101013300	T42101000132	2.429989117458285e-06
S42101012700	T42101000130	3.9376143411671697e-07
S42101012800	T42101000130	7.540869047659368e-07
S42101013000	T42101000130	1.9039254065848067e-05
S42101013100	T42101000130	1.6927975952802527e-06
S42101012900	T42101000142	1.2546477999994867e-06
S42101013000	T42101000142	1.3627370281130022e-06
S42101013100	T42101000142	7.500155642576368e-08
S42101014100	T42101000142	1.0859844440339442e-06
S42101014200	T42101000142	0.00010367570956152198
S42101014300	T42101000142	3.245456275862294e-07
S42101029100	T42101000142	5.281365543828444e-08
S42101030500	T42101000142	2.963648774397289e-07
S42101036600	T42101000142	2.32137398230687e-06
S42101012900	T42101000367	1.4907610826991327e-07
S42101013000	T42101000367	9.809031801094023e-08
S42101014200	T42101000367	1.2428335737123603e-06
S42101029100	T42101000367	5.281365543828444e-08
S42101030500	T42101000367	2.963648774397289e-07
S42101013100	T42101000141	1.1167021500883936e-06
S42101013200	T42101000141	1.4000369204829462e-06
S42101013300	T42101000141	7.025204321832957e-08
S42101014000	T42101000141	1.4321422675156092e-06
S42101014100	T42101000141	5.577169358042486e-05
S42101014600	T42101000141	4.390730382712838e-07
S42101013300	T42101000140	7.082446878067422e-07
S42101013500	T42101000140	5.495553012519508e-07
S42101013900	T42101000140	1.9312446987522364e-06
S42101014000	T42101000140	4.206095531220723e-05
S42101013400	T42101000135	1.1859679999916353e-06
S42101013500	T42101000135	3.99805216216294e-05
S42101013600	T42101000135	1.6284103783742102e-06
S42101013400	T42101000136	4.769990400059334e-07
S42101013600	T42101000136	3.91656498977042e-05
S42101015000	T42101000136	2.877501062278128e-06
S42101013500	T42101000139	1.0024473195473128e-06
S42101013600	T42101000139	5.92028249076926e-07
S42101013800	T42101000139	2.4644646706357535e-06
S42101013900	T42101000139	5.575265376073183e-05
S42101013600	T42101000138	4.469134439801526e-07
S42101013700	T42101000138	2.5246140562246277e-06
S42101013800	T42101000138	3.372881127401239e-05
S42101013900	T42101000138	2.6441122579513573e-07
S42101013600	T42101000137	6.811980308334296e-07
S42101013700	T42101000137	5.9851208806698643e-05
S42101015000	T42101000137	3.3195931624382607e-06
S42101013700	T42101000149	1.4926856370486047e-06
S42101013800	T42101000149	7.73574055376333e-07
S42101013900	T42101000149	2.266966972875166e-07
S42101014900	T42101000149	4.387368090440238e-05
S42101015000	T42101000149	1.0383627058848557e-06
S42101013900	T42101000147	5.924966270364528e-07
S42101014000	T42101000147	1.2091010945275168e-06
S42101014700	T42101000147	3.346180639640243e-05
S42101014800	T42101000147	9.765958820445698e-07
S42101013900	T42101000148	1.0440909903822315e-06
S42101014800	T42101000148	1.8055052433397328e-05
S42101014900	T42101000148	1.0046125762242649e-06
S42101014000	T42101000146	5.519013257581214e-07
S42101014100	T42101000146	1.5169310502507372e-06
S42101014600	T42101000146	4.452571736182188e-05
S42101014700	T42101000146	1.557193262142843e-06
S42101014100	T42101000144	9.502206869431194e-07
S42101014200	T42101000144	1.8544849714306618e-06
S42101014400	T42101000144	6.14723892497469e-05
S42101014500	T42101000144	9.879050918810481e-07
S42101014100	T42101000145	9.0642023834463e-07
S42101014500	T42101000145	3.127151320654178e-05
S42101014600	T42101000145	2.0471665551218156e-06
S42101014200	T42101000143	3.8976494219343826e-06
S42101014300	T42101000143	8.279264017804351e-05
S42101015800	T42101000143	2.4971039998537153e-07
S42101014200	T42101000158	1.3028571441714589e-09
S42101014300	T42101000158	2.571497143214272e-08
S42101014400	T42101000158	1.9021273540221771e-06
S42101015700	T42101000158	1.3424004381438505e-06
S42101015800	T42101000158	5.943345437925046e-05
S42101014300	T42101000159	1.50854285716612e-06
S42101015800	T42101000159	3.8288971428753526e-07
S42101015900	T42101000159	5.285567766162582e-05
S42101016000	T42101000159	2.2477986305927047e-06
S42101018100	T42101000159	1.6125991136350732e-05
S42101014300	T42101000182	1.6544777640845502e-06
S42101015900	T42101000182	2.273440507728947e-05
S42101018000	T42101000182	3.360330303022699e-08
S42101018100	T42101000182	7.874554202766581e-05
S42101018200	T42101000182	0.000323956805078558
S42101018500	T42101000182	7.304133000135676e-07
S42101018600	T42101000182	9.675370636336278e-07
S42101014400	T42101000157	1.0286072173789007e-06
S42101015600	T42101000157	2.6181379756146513e-06
S42101015700	T42101000157	4.819219380701748e-05
S42101014400	T42101000156	8.673761788345676e-07
S42101014500	T42101000156	1.0988964418609885e-06
S42101015500	T42101000156	1.603531994703072e-06
S42101015600	T42101000156	4.176545638460253e-05
S42101014500	T42101000155	8.667852597368634e-07
S42101014600	T42101000155	3.1659961956504034e-07
S42101015400	T42101000155	2.05523450000602e-06
S42101015500	T42101000155	4.1116930620701964e-05
S42101014600	T42101000154	8.233364252151598e-07
S42101014700	T42101000154	4.5992468208672995e-08
S42101015300	T42101000154	2.047971094780154e-06
S42101015400	T42101000154	2.9799485011800484e-05
S42101014700	T42101000153	1.1796078732406105e-06
S42101014800	T42101000153	5.626506666672843e-08
S42101015200	T42101000153	2.1051757575614094e-06
S42101015300	T42101000153	4.548137330250538e-05
S42101014800	T42101000152	1.0158426178926207e-06
S42101014900	T42101000152	5.583920487724842e-07
S42101015100	T42101000152	2.391967999987173e-06
S42101015200	T42101000152	6.526090000003138e-05
S42101016901	T42101000152	2.60147333327756e-07
S42101014900	T42101000151	1.972699970590542e-06
S42101015000	T42101000151	3.4003231520140887e-06
S42101015100	T42101000151	7.418412687738423e-05
S42101015000	T42101000171	8.212326722518366e-07
S42101016902	T42101000171	1.0777275909022783e-06
S42101017000	T42101000171	1.3960220706123284e-06
S42101017100	T42101000171	0.00011691924981124637
S42101017200	T42101000171	1.1911678549929759e-06
S42101015000	T42101000169	3.5308779682619314e-06
S42101015100	T42101000169	1.7182196226380432e-06
S42101016800	T42101000169	2.0159951724266726e-07
S42101016901	T42101000169	5.0585678374643756e-05
S42101016902	T42101000169	5.790372451720288e-05
S42101015200	T42101000167	5.7116828446387686e-08
S42101015300	T42101000167	1.244483136024101e-06
S42101016700	T42101000167	6.039710328820716e-05
S42101016800	T42101000167	2.891296747315674e-06
S42101015200	T42101000168	2.064307413964058e-06
S42101016800	T42101000168	5.694039906879025e-05
S42101016901	T42101000168	2.0802935172418236e-06
S42101015300	T42101000166	5.474446670087688e-08
S42101015400	T42101000166	8.620654881846411e-07
S42101015500	T42101000166	3.371199999833282e-08
S42101016600	T42101000166	2.325102667498854e-05
S42101016700	T42101000166	2.6604013701278965e-06
S42101015500	T42101000162	6.417474434322548e-07
S42101015600	T42101000162	9.548876397754077e-07
S42101015700	T42101000162	8.388146530246146e-07
S42101016200	T42101000162	3.388933608575641e-05
S42101016500	T42101000162	6.902141780124284e-07
S42101015500	T42101000165	9.596279411649918e-07
S42101016500	T42101000165	3.805046622341736e-05
S42101016600	T42101000165	3.254955835441665e-06
S42101015700	T42101000160	5.608935064761711e-08
S42101015800	T42101000160	2.6389455065152306e-06
S42101016000	T42101000160	7.190556430250022e-05
S42101016100	T42101000160	1.1261008403410752e-06
S42101015700	T42101000161	1.4138697511502598e-06
S42101016100	T42101000161	6.949292009683732e-05
S42101016200	T42101000161	1.1014900068190257e-06
S42101016300	T42101000161	1.1167201451550603e-06
S42101015900	T42101000181	8.721560714535886e-08
S42101018000	T42101000181	9.776197261649725e-07
S42101018100	T42101000181	7.194232216665128e-05
S42101015900	T42101000180	2.1770947376888374e-06
S42101016000	T42101000180	1.0712330137939234e-07
S42101017900	T42101000180	1.257030256217433e-06
S42101018000	T42101000180	8.284615170473918e-05
S42101016000	T42101000179	1.4667137655441354e-06
S42101016100	T42101000179	7.107576086455792e-07
S42101017800	T42101000179	7.677245052445523e-07
S42101017900	T42101000179	6.823418237814484e-05
S42101018000	T42101000179	1.456217424278505e-07
S42101016100	T42101000178	1.7390714541867034e-06
S42101016300	T42101000178	3.6006172664149025e-08
S42101017700	T42101000178	1.1411860664611002e-06
S42101017800	T42101000178	6.682237698104003e-05
S42101017900	T42101000178	1.851359325658139e-06
S42101016200	T42101000163	1.1930745359590178e-06
S42101016300	T42101000163	5.659478069344118e-05
S42101016400	T42101000163	2.0921447705989186e-06
S42101016200	T42101000164	8.341493714646962e-07
S42101016400	T42101000164	4.701392052031926e-05
S42101016500	T42101000164	2.791930108213205e-06
S42101016300	T42101000177	4.2140504582371306e-07
S42101017601	T42101000177	4.851891614798876e-07
S42101017602	T42101000177	2.252920465464864e-06
S42101017700	T42101000177	7.175766574480877e-05
S42101019500	T42101000177	5.078195824333786e-07
S42101016300	T42101000176	1.7657829429199232e-06
S42101016400	T42101000176	3.5061305087711033e-07
S42101017500	T42101000176	2.643654835693527e-06
S42101017601	T42101000176	6.170725583852079e-05
S42101017602	T42101000176	3.731269333197269e-05
S42101016400	T42101000175	1.1841716582005633e-06
S42101016500	T42101000175	5.3988343002936525e-08
S42101017400	T42101000175	2.534066345624999e-06
S42101017500	T42101000175	7.242792345014318e-05
S42101019900	T42101000175	3.875770367242142e-07
S42101020000	T42101000175	1.2273166293107228e-08
S42101016500	T42101000174	6.784511473725206e-07
S42101016600	T42101000174	3.559674895593856e-07
S42101016700	T42101000174	4.974689722276513e-08
S42101017300	T42101000174	1.272787057192912e-06
S42101017400	T42101000174	3.412593365434233e-05
S42101020000	T42101000174	1.771137543353543e-07
S42101016700	T42101000173	1.4906484444314571e-06
S42101016800	T42101000173	5.935440000029847e-07
S42101017200	T42101000173	2.6715957333265016e-06
S42101017300	T42101000173	8.710409101947859e-05
S42101020200	T42101000173	4.871208027729693e-07
S42101016800	T42101000172	4.5821066666388717e-07
S42101016901	T42101000172	1.2789307747843252e-06
S42101016902	T42101000172	3.1099789189792347e-07
S42101017100	T42101000172	1.8694140344770305e-06
S42101017200	T42101000172	5.520244663217981e-05
S42101017000	T42101000202	7.076374570131689e-09
S42101017100	T42101000202	2.4405764532110035e-06
S42101017200	T42101000202	5.468977948706034e-08
S42101017300	T42101000202	9.190592027828721e-07
S42101020200	T42101000202	7.628804700641222e-05
S42101020500	T42101000202	8.255511835527183e-07
S42101017000	T42101000205	3.4477380000150702e-06
S42101017100	T42101000205	1.8803260688467546e-09
S42101020200	T42101000205	1.3567393055610488e-10
S42101020500	T42101000205	0.00014608421691025052
S42101020600	T42101000205	2.452566666585516e-07
S42101024300	T42101000205	3.1708155383843355e-07
S42101024400	T42101000205	8.989908692246547e-07
S42101017300	T42101000200	3.4228428309156547e-07
S42101020000	T42101000200	2.955545662225936e-05
S42101020100	T42101000200	3.797259094636332e-06
S42101017300	T42101000201	2.716878437476621e-06
S42101020100	T42101000201	8.524005857151121e-05
S42101020200	T42101000201	3.7675465168361093e-06
S42101020500	T42101000201	1.7351647410944013e-07
S42101017500	T42101000195	1.511698646173368e-06
S42101017602	T42101000195	2.0292412025660003e-06
S42101019500	T42101000195	7.958596403429608e-05
S42101019600	T42101000195	6.186933725293869e-08
S42101019900	T42101000195	1.6226779718264057e-08
S42101017500	T42101000199	1.9123068012118924e-08
S42101019900	T42101000199	6.674560404354383e-05
S42101020000	T42101000199	1.316227872738789e-06
S42101020300	T42101000199	2.0490450157014154e-06
S42101017700	T42101000188	2.953059291413201e-07
S42101017800	T42101000188	1.9544411387107333e-06
S42101018800	T42101000188	6.758478145737747e-05
S42101019200	T42101000188	6.404714747649812e-07
S42101017700	T42101000192	2.193947259591376e-06
S42101019200	T42101000192	6.526578051537563e-05
S42101019300	T42101000192	6.239473111767776e-07
S42101019500	T42101000192	1.1163249138795659e-06
S42101017800	T42101000187	1.3270737500237612e-07
S42101017900	T42101000187	1.955578039983102e-06
S42101018000	T42101000187	4.1951999333004275e-07
S42101018700	T42101000187	8.137743320565507e-05
S42101018800	T42101000187	1.0297613860022334e-06
S42101018000	T42101000186	1.9649265302960934e-06
S42101018600	T42101000186	7.144119134391826e-05
S42101018700	T42101000186	1.7138821257868926e-06
S42101018200	T42101000185	3.764062498967822e-10
S42101018500	T42101000185	6.630515926746624e-05
S42101018600	T42101000185	2.719471592408293e-06
S42101018700	T42101000185	3.0045152464715307e-08
S42101018900	T42101000185	6.349475814145648e-07
S42101018200	T42101000183	4.837823858635643e-06
S42101018300	T42101000183	0.00019790912809910393
S42101018400	T42101000183	5.659960291328701e-05
S42101018500	T42101000183	2.6555774325705e-06
S42101018900	T42101000183	2.565985611164206e-08
S42101029500	T42101000183	1.0405745461403002e-06
S42101029600	T42101000183	2.9913329411787955e-07
S42101018300	T42101000184	5.123853577509471e-06
S42101018400	T42101000184	0.00018338158241419406
S42101029600	T42101000184	6.323323725444794e-07
S42101029700	T42101000184	8.22316357338961e-08
S42101018300	T42101000295	4.954285714462792e-10
S42101018900	T42101000295	2.4567343478044076e-06
S42101029400	T42101000295	4.191457697744753e-07
S42101029500	T42101000295	6.41011244538166e-05
S42101018400	T42101000296	1.8634871211117637e-07
S42101029500	T42101000296	1.7380290000007124e-06
S42101029600	T42101000296	2.301293148945766e-05
S42101029900	T42101000296	7.6907984221695e-09
S42101018400	T42101000297	4.059795086522512e-06
S42101029600	T42101000297	8.693723321934825e-07
S42101029700	T42101000297	8.790573258128998e-05
S42101018700	T42101000189	1.7936395161140482e-06
S42101018800	T42101000189	1.8604571566248484e-06
S42101018900	T42101000189	0.00010300924344489379
S42101019000	T42101000189	8.862956351601443e-07
S42101019100	T42101000189	2.282361603154602e-07
S42101019200	T42101000189	2.212808689879233e-08
S42101018900	T42101000294	7.818377697731043e-07
S42101029300	T42101000294	2.7589092500048673e-06
S42101029400	T42101000294	6.657884250470975e-05
S42101029500	T42101000294	8.981047552581186e-08
S42101018900	T42101000293	9.026699999866641e-07
S42101019000	T42101000293	3.5142008297940537e-06
S42101019100	T42101000293	7.22115912633835e-08
S42101029200	T42101000293	1.2142936431622528e-06
S42101029300	T42101000293	6.727271893578596e-05
S42101019000	T42101000190	7.726212206415796e-05
S42101019100	T42101000190	6.716770115364337e-06
S42101019200	T42101000190	1.5612820454603467e-08
S42101019000	T42101000191	5.937864709134298e-07
S42101019100	T42101000191	0.00014630621315561378
S42101019200	T42101000191	1.792537220962748e-06
S42101019300	T42101000191	3.1176527540183613e-06
S42101028900	T42101000191	1.4048103984799468e-06
S42101019100	T42101000289	2.3097290561522874e-07
S42101019400	T42101000289	1.7883152769179834e-06
S42101028800	T42101000289	2.420284170772458e-06
S42101028900	T42101000289	0.00011953710486606249
S42101029200	T42101000289	4.233227806390651e-07
S42101019100	T42101000292	1.3712350718082212e-06
S42101028900	T42101000292	5.074052007201178e-06
S42101029100	T42101000292	1.1162739900230899e-07
S42101029200	T42101000292	0.00017268984479977092
S42101030300	T42101000292	8.732407221953538e-07
S42101019200	T42101000193	1.4667198815185685e-06
S42101019300	T42101000193	9.406329993481776e-05
S42101019400	T42101000193	3.408691152358721e-06
S42101019500	T42101000193	8.373646836690712e-07
S42101028900	T42101000193	2.004392434769879e-05
S42101019400	T42101000288	1.1111422047060266e-06
S42101019600	T42101000288	4.7224530503902676e-08
S42101028600	T42101000288	8.105550824947981e-07
S42101028700	T42101000288	2.0946386653776143e-06
S42101028800	T42101000288	4.490643951694397e-05
S42101019400	T42101000194	0.00013565505136598746
S42101019500	T42101000194	9.958948076665622e-07
S42101019600	T42101000194	4.838405623367828e-06
S42101028800	T42101000194	4.6564820291917324e-07
S42101019500	T42101000196	1.630819780160022e-07
S42101019600	T42101000196	7.3404361192668e-05
S42101019700	T42101000196	2.639176505029218e-06
S42101019800	T42101000196	1.6514503050036755e-06
S42101019900	T42101000196	1.2969300192990202e-06
S42101019600	T42101000287	8.028393162400814e-07
S42101019700	T42101000287	6.295009485889489e-07
S42101028400	T42101000287	1.046905542856243e-06
S42101028600	T42101000287	8.794366943439954e-09
S42101028700	T42101000287	3.466195982534899e-05
S42101019700	T42101000284	8.888301936267927e-07
S42101028300	T42101000284	3.889142776245781e-06
S42101028400	T42101000284	4.566202703014213e-05
S42101019700	T42101000283	7.972532484089342e-07
S42101020400	T42101000283	3.8250265437242174e-07
S42101028000	T42101000283	5.989475520541883e-07
S42101028100	T42101000283	2.230129517380831e-06
S42101028200	T42101000283	3.368454408196997e-07
S42101028300	T42101000283	6.707432158693409e-05
S42101019700	T42101000197	8.671950160436355e-05
S42101019800	T42101000197	2.377942527262251e-06
S42101020300	T42101000197	1.5017682769071273e-06
S42101020400	T42101000197	8.142446714839228e-07
S42101028400	T42101000197	2.2659291999572793e-07
S42101019800	T42101000198	5.311175716770878e-05
S42101019900	T42101000198	1.6889121206996704e-06
S42101020300	T42101000198	2.33433071160442e-06
S42101020000	T42101000203	2.633928584414198e-06
S42101020100	T42101000203	2.860103914127876e-06
S42101020300	T42101000203	4.943015676551559e-05
S42101020400	T42101000203	4.2770682692357776e-07
S42101020500	T42101000203	1.3103909024104186e-08
S42101020100	T42101000204	5.784197368552719e-10
S42101020300	T42101000204	8.9473026312197e-10
S42101020400	T42101000204	4.0231519749993554e-05
S42101020500	T42101000204	3.0969570999798635e-06
S42101020400	T42101000280	1.63526659722779e-06
S42101020500	T42101000280	5.136110000055938e-07
S42101024400	T42101000280	1.6070925815414713e-07
S42101024500	T42101000280	2.3176801878153464e-06
S42101028000	T42101000280	7.070273295681787e-05
S42101020500	T42101000243	2.960434230912732e-07
S42101020600	T42101000243	2.5641281572988033e-06
S42101024000	T42101000243	9.92567655203416e-07
S42101024300	T42101000243	6.742726076441725e-05
S42101020600	T42101000206	0.00013867112223564163
S42101020700	T42101000206	4.424961648917532e-06
S42101020800	T42101000206	8.055161154252343e-07
S42101020600	T42101000208	1.6742911832009403e-08
S42101020700	T42101000208	1.1100767963713918e-06
S42101020800	T42101000208	8.99142722013231e-05
S42101022300	T42101000208	3.533308090456223e-06
S42101020600	T42101000240	1.4888181233468734e-06
S42101020800	T42101000240	1.6219943016402757e-06
S42101022300	T42101000240	3.2029403696707424e-07
S42101023900	T42101000240	7.833342072074859e-07
S42101024000	T42101000240	6.102590933085277e-05
S42101020800	T42101000223	4.4224494567304657e-07
S42101020900	T42101000223	2.361192751599876e-06
S42101021100	T42101000223	4.730491442220611e-06
S42101021200	T42101000223	3.536075114698989e-06
S42101021700	T42101000223	6.482556517084506e-06
S42101021800	T42101000223	3.115922469722561e-06
S42101022200	T42101000223	5.457220689516865e-06
S42101022300	T42101000223	0.0005563055878444365
S42101022400	T42101000223	2.9636969932480793e-07
S42101022900	T42101000223	1.5426978778897953e-06
S42101023000	T42101000223	7.709454545782511e-08
S42101023500	T42101000223	1.15148472365459e-06
S42101020900	T42101000209	5.5581792936535485e-05
S42101021000	T42101000209	1.192878804830799e-06
S42101022300	T42101000209	1.1734241070833164e-07
S42101020900	T42101000210	4.2418478872710196e-07
S42101021000	T42101000210	8.838278574577897e-05
S42101021300	T42101000210	2.3621932066392745e-07
S42101021400	T42101000210	9.224830961507388e-07
S42101020900	T42101000211	1.6590810230968754e-06
S42101021000	T42101000211	2.7382440303781665e-06
S42101021100	T42101000211	5.301869555779307e-05
S42101021200	T42101000211	2.3528176886212668e-07
S42101021300	T42101000211	2.384337962844344e-08
S42101022300	T42101000211	7.964124024908885e-08
S42101021000	T42101000214	2.5517991904655935e-07
S42101021300	T42101000214	1.9132660909553202e-07
S42101021400	T42101000214	6.60683647285679e-05
S42101021500	T42101000214	4.98866808214705e-07
S42101021200	T42101000212	4.858840611643199e-05
S42101021300	T42101000212	3.3717166666879046e-06
S42101021500	T42101000212	2.024002672827292e-08
S42101021700	T42101000212	3.795501901317067e-07
S42101021300	T42101000213	5.352779402395929e-05
S42101021400	T42101000213	2.7264792593732636e-06
S42101021500	T42101000213	1.0957267166588028e-06
S42101021400	T42101000215	3.0922915906104695e-08
S42101021500	T42101000215	0.00010281896555717721
S42101021600	T42101000215	1.2567593199830775e-05
S42101021500	T42101000217	2.9948543912015953e-06
S42101021600	T42101000217	3.396592543135315e-06
S42101021700	T42101000217	0.0001591777432928129
S42101021800	T42101000217	4.443697111023317e-07
S42101021900	T42101000217	2.1290061772326455e-08
S42101021600	T42101000216	0.00018539663093910516
S42101021900	T42101000216	4.529795777603979e-07
S42101021600	T42101000219	2.333983381788598e-05
S42101021900	T42101000219	0.0001461664057094706
S42101022000	T42101000219	4.084345271792388e-06
S42101021800	T42101000218	0.0001012667172395245
S42101021900	T42101000218	4.416155650990216e-06
S42101022000	T42101000218	4.590494396516238e-08
S42101022100	T42101000218	1.5014721655330756e-06
S42101021800	T42101000222	2.3575405796673635e-06
S42101022000	T42101000222	1.4343473157174752e-06
S42101022100	T42101000222	3.1331346778643544e-06
S42101022200	T42101000222	0.00019938051279620798
S42101022300	T42101000222	6.803046044686988e-06
S42101022000	T42101000220	0.00030819299613941406
S42101022000	T42101000221	4.2816183291523665e-06
S42101022100	T42101000221	6.468099315661555e-05
S42101022200	T42101000221	3.5288851423208347e-07
S42101022300	T42101000239	1.2158939420318456e-06
S42101023500	T42101000239	1.8186603617889618e-06
S42101023600	T42101000239	1.006552491557762e-06
S42101023900	T42101000239	4.756889320458831e-05
S42101022300	T42101000235	9.22555724510745e-06
S42101023500	T42101000235	7.46245427548788e-05
S42101022300	T42101000234	3.01290773429784e-07
S42101023000	T42101000234	1.8055514798592406e-06
S42101023400	T42101000234	8.063744064760087e-05
S42101023500	T42101000234	2.6607170991126724e-06
S42101022300	T42101000230	4.294521979595389e-06
S42101022900	T42101000230	2.228352600666075e-06
S42101023000	T42101000230	0.0001250553739121885
S42101023200	T42101000230	4.990214521515081e-08
S42101023400	T42101000230	7.69128623497809e-08
S42101022300	T42101000229	7.440933241429681e-06
S42101022900	T42101000229	0.00011909951675854475
S42101022300	T42101000228	1.6415521563624558e-07
S42101022400	T42101000228	1.0914130226748014e-06
S42101022800	T42101000228	6.978809041651911e-05
S42101022900	T42101000228	3.0245239538401296e-06
S42101023100	T42101000228	3.1181739130742463e-07
S42101022300	T42101000224	5.652432329877098e-06
S42101022400	T42101000224	6.287621767011606e-05
S42101022300	T42101000225	1.0287392325496155e-06
S42101022400	T42101000225	1.5732417911468646e-06
S42101022500	T42101000225	9.02148623977809e-05
S42101022600	T42101000225	2.1841004732239566e-08
S42101022400	T42101000227	4.9037055611839326e-08
S42101022600	T42101000227	1.4215641374531024e-06
S42101022700	T42101000227	5.649675167205001e-05
S42101022800	T42101000227	2.5931131255026877e-06
S42101025700	T42101000227	1.4534009406464128e-08
S42101022400	T42101000226	2.642370761095498e-06
S42101022500	T42101000226	1.1470472244677265e-06
S42101022600	T42101000226	6.131193201446792e-05
S42101022700	T42101000257	1.2318642354682224e-06
S42101022800	T42101000257	6.140417711459301e-08
S42101023100	T42101000257	3.1333268657719253e-06
S42101025700	T42101000257	7.409340472165197e-05
S42101022800	T42101000231	1.928742280880103e-06
S42101022900	T42101000231	6.444513090318877e-07
S42101023000	T42101000231	2.712303680760898e-06
S42101023100	T42101000231	8.428831801912174e-05
S42101023200	T42101000231	1.5118471022658483e-07
S42101023000	T42101000232	2.062589881747454e-06
S42101023100	T42101000232	1.9328035633899467e-06
S42101023200	T42101000232	7.769259086058224e-05
S42101023400	T42101000232	9.880521942638905e-07
S42101023100	T42101000256	5.6984160393720906e-08
S42101023200	T42101000256	2.4918610430517495e-06
S42101023300	T42101000256	4.886297308721038e-07
S42101025600	T42101000256	8.703190545910095e-05
S42101025700	T42101000256	1.6456196065679635e-06
S42101023200	T42101000233	2.294547740937339e-06
S42101023300	T42101000233	5.853813735603552e-05
S42101023400	T42101000233	1.7017554092866979e-06
S42101023700	T42101000233	3.5765949374879735e-07
S42101023300	T42101000236	5.879006298696017e-07
S42101023400	T42101000236	2.0027888865076436e-06
S42101023500	T42101000236	3.6022950605272874e-06
S42101023600	T42101000236	9.704691542310255e-05
S42101023300	T42101000237	1.6778647573292358e-06
S42101023600	T42101000237	4.715711583940044e-06
S42101023700	T42101000237	0.00010781432365870717
S42101023300	T42101000255	1.6039175258872553e-06
S42101023700	T42101000255	5.323916520593909e-07
S42101025500	T42101000255	7.76864577918213e-05
S42101025600	T42101000255	2.277233030247528e-06
S42101023600	T42101000238	4.7072050142496843e-07
S42101023700	T42101000238	1.2561948796922115e-06
S42101023800	T42101000238	7.824561713876424e-05
S42101023900	T42101000238	3.2024674801450587e-06
S42101023700	T42101000252	1.1070741086882302e-06
S42101023800	T42101000252	2.94012101207385e-06
S42101025200	T42101000252	9.431544659135065e-05
S42101025300	T42101000252	1.312358287885975e-06
S42101023700	T42101000253	3.15200620710451e-06
S42101025200	T42101000253	2.3053667618206207e-07
S42101025300	T42101000253	5.613071572825474e-05
S42101025500	T42101000253	8.417413884786236e-07
S42101023800	T42101000241	1.2060169940804745e-06
S42101023900	T42101000241	5.5505108035891566e-08
S42101024000	T42101000241	2.1221107380637792e-06
S42101024100	T42101000241	3.984136715984354e-05
S42101023800	T42101000246	7.915948550816076e-07
S42101024100	T42101000246	2.3648754285499393e-06
S42101024200	T42101000246	4.482175679954497e-07
S42101024600	T42101000246	6.0336417800438214e-05
S42101025200	T42101000246	1.7338943479298808e-06
S42101024000	T42101000242	1.095812275872706e-06
S42101024100	T42101000242	1.0251574115905524e-06
S42101024200	T42101000242	5.265909204548661e-05
S42101024300	T42101000242	1.5598382670467472e-06
S42101024200	T42101000244	1.3953505454387494e-06
S42101024300	T42101000244	1.9798684146940964e-06
S42101024400	T42101000244	4.116478103986803e-05
S42101024200	T42101000245	1.8363898410828383e-06
S42101024400	T42101000245	2.306468832738218e-06
S42101024500	T42101000245	7.818019937179568e-05
S42101024600	T42101000245	1.0831448397330562e-06
S42101024700	T42101000245	1.2840971146024188e-06
S42101024500	T42101000279	4.192120440442235e-06
S42101024700	T42101000279	1.817450805941361e-06
S42101024900	T42101000279	8.368093076742297e-07
S42101027900	T42101000279	0.00012951008088184126
S42101028000	T42101000279	3.8853856407918746e-07
S42101024600	T42101000247	3.515233978272435e-06
S42101024700	T42101000247	9.43583959174681e-05
S42101024800	T42101000247	1.3811701042805485e-06
S42101024600	T42101000248	7.401033815757065e-07
S42101024700	T42101000248	7.293515357170534e-07
S42101024800	T42101000248	3.090863647386577e-05
S42101025000	T42101000248	9.166051153923627e-07
S42101025200	T42101000248	1.0255034934162432e-06
S42101024700	T42101000249	1.0707546262372145e-06
S42101024800	T42101000249	9.94276791557129e-07
S42101024900	T42101000249	3.0869903993592445e-05
S42101025000	T42101000249	1.4726645886558046e-06
S42101024800	T42101000250	1.0360666302947613e-06
S42101025000	T42101000250	7.461725451665091e-05
S42101025100	T42101000250	1.996796112679345e-06
S42101025200	T42101000250	1.0646827403824432e-06
S42101024900	T42101000277	2.256426613091253e-06
S42101027700	T42101000277	5.3602361761488e-05
S42101027800	T42101000277	1.4116194031781335e-06
S42101027900	T42101000277	9.284422222257789e-07
S42101024900	T42101000265	4.4841008560622e-07
S42101025000	T42101000265	6.050546501117918e-07
S42101026302	T42101000265	4.919404812376299e-07
S42101026400	T42101000265	1.5785741868646847e-06
S42101026500	T42101000265	5.4507643045781064e-05
S42101026700	T42101000265	6.323496082825172e-09
S42101027700	T42101000265	4.470040542936075e-07
S42101025000	T42101000251	2.752383041102827e-07
S42101025100	T42101000251	5.231714495290627e-05
S42101025200	T42101000251	1.3049361507475231e-06
S42101025300	T42101000251	4.2281694647973957e-07
S42101025400	T42101000251	2.064863645754184e-06
S42101025000	T42101000264	1.5187828250702142e-06
S42101025100	T42101000264	1.057177018602204e-06
S42101025400	T42101000264	5.417905083318647e-08
S42101026200	T42101000264	2.2401547720054003e-06
S42101026400	T42101000264	7.909970633350581e-05
S42101025100	T42101000254	3.3153191586010845e-07
S42101025300	T42101000254	2.489109037355712e-06
S42101025400	T42101000254	7.692028560258478e-05
S42101025500	T42101000254	1.8290734441751912e-06
S42101025400	T42101000262	2.206110073493683e-06
S42101026100	T42101000262	1.6254913933882394e-06
S42101026200	T42101000262	5.419133287558483e-05
S42101026400	T42101000262	5.470656575475622e-07
S42101025400	T42101000261	3.2456162735282105e-07
S42101025500	T42101000261	1.7427273754806543e-06
S42101025600	T42101000261	4.6648180327899966e-08
S42101025800	T42101000261	2.085680452390141e-06
S42101026100	T42101000261	6.596038236441849e-05
S42101025600	T42101000258	2.165093749999215e-06
S42101025800	T42101000258	5.7806992108096016e-05
S42101025800	T42101000259	1.723827439518767e-06
S42101025900	T42101000259	5.4050192814852855e-05
S42101026100	T42101000259	3.8934784719799676e-07
S42101025900	T42101000260	1.4693411650844729e-06
S42101026000	T42101000260	5.3331026934291096e-05
S42101026100	T42101000260	2.129631900629592e-06
S42101026000	T42101000263	1.4327245641336133e-06
S42101026100	T42101000263	5.2595494372680416e-08
S42101026200	T42101000263	2.145362352384977e-06
S42101026301	T42101000263	4.1814482596355046e-05
S42101026302	T42101000263	6.857893117061404e-05
S42101026400	T42101000263	2.745903822084744e-06
S42101026302	T42101000266	2.0185530753704128e-06
S42101026500	T42101000266	2.70805566348849e-06
S42101026600	T42101000266	8.928978804596917e-05
S42101026700	T42101000266	8.986032151839595e-07
S42101026500	T42101000267	8.373012907497938e-07
S42101026700	T42101000267	6.440085730867892e-05
S42101027700	T42101000267	2.5954414005763784e-06
S42101026600	T42101000268	2.1232413357271837e-06
S42101026700	T42101000268	2.601615980033268e-06
S42101026800	T42101000268	7.429906802597552e-05
S42101027600	T42101000268	5.300563257529997e-07
S42101027700	T42101000268	1.3169957607951483e-06
S42101027800	T42101000268	7.402257173308411e-08
S42101026800	T42101000270	2.1164208951906754e-06
S42101027000	T42101000270	6.414457010483399e-05
S42101027500	T42101000270	8.495307434698369e-07
S42101027600	T42101000270	8.74478256514751e-07
S42101026800	T42101000269	2.6672285742154917e-06
S42101026900	T42101000269	6.14176415305885e-05
S42101027000	T42101000269	1.6651298951685723e-06
S42101026900	T42101000271	1.2551552577121926e-06
S42101027000	T42101000271	2.1798000000013716e-06
S42101027100	T42101000271	3.8187693885145406e-05
S42101027400	T42101000271	7.157086288237388e-07
S42101027500	T42101000271	5.664222832578227e-08
S42101027100	T42101000272	2.849171928577108e-06
S42101027200	T42101000272	6.504190550856267e-05
S42101027300	T42101000272	1.307227019984386e-06
S42101027400	T42101000272	3.716955428560828e-07
S42101027200	T42101000291	1.1012753126490315e-06
S42101027300	T42101000291	2.5332303047737824e-06
S42101028900	T42101000291	1.6604514610180224e-08
S42101029000	T42101000291	3.6325248124310595e-06
S42101029100	T42101000291	0.0001352587304903196
S42101029200	T42101000291	3.4039497383027687e-07
S42101030500	T42101000291	1.4723959131909225e-07
S42101027200	T42101000273	3.3342759999784906e-08
S42101027300	T42101000273	9.422816428332588e-05
S42101027400	T42101000273	3.8000214000231436e-06
S42101028600	T42101000273	2.285135781369318e-08
S42101029000	T42101000273	7.206201988516317e-07
S42101027300	T42101000286	8.435978736261285e-07
S42101027400	T42101000286	7.643542169147265e-08
S42101028500	T42101000286	3.168358471194596e-06
S42101028600	T42101000286	6.766651566588789e-05
S42101028700	T42101000286	2.1621815257808414e-07
S42101028800	T42101000286	3.874415001658835e-09
S42101027300	T42101000290	9.509402966143856e-07
S42101028600	T42101000290	2.7563806431512434e-06
S42101028800	T42101000290	2.2785069435384737e-07
S42101028900	T42101000290	3.692658659531212e-07
S42101029000	T42101000290	8.040845498869343e-05
S42101029100	T42101000290	4.710751125714136e-08
S42101027300	T42101000274	1.3305902216851137e-06
S42101027400	T42101000274	8.187408900660926e-05
S42101027500	T42101000274	4.506851840307506e-06
S42101028500	T42101000274	5.5314047652791325e-08
S42101028600	T42101000274	9.181548837356342e-07
S42101027500	T42101000275	5.944022368789689e-05
S42101027600	T42101000275	2.8351753500158583e-06
S42101028200	T42101000275	2.0272611908192093e-06
S42101028500	T42101000275	5.421537712676249e-07
S42101027600	T42101000276	6.57824415677161e-05
S42101027800	T42101000276	2.7178905180470188e-06
S42101028200	T42101000276	1.519653914249165e-06
S42101027700	T42101000278	1.951470228860586e-07
S42101027800	T42101000278	7.144203625349368e-05
S42101027900	T42101000278	4.973037368717496e-06
S42101028100	T42101000278	6.247793549207271e-07
S42101027800	T42101000282	1.5894312535477321e-06
S42101028100	T42101000282	2.0670475819344908e-06
S42101028200	T42101000282	8.546769616602703e-05
S42101028300	T42101000282	5.573501368231854e-07
S42101028400	T42101000282	1.1686248616365129e-06
S42101027900	T42101000281	1.3449395272199553e-06
S42101028000	T42101000281	3.5704674270420608e-06
S42101028100	T42101000281	4.877459304575498e-05
S42101028200	T42101000285	1.4984002880731221e-06
S42101028400	T42101000285	2.319744145357421e-06
S42101028500	T42101000285	2.6111567209853008e-05
S42101028700	T42101000285	4.0338356743653444e-08
S42101029100	T42101000304	3.2749005554091912e-06
S42101029200	T42101000304	2.603750854748023e-06
S42101030400	T42101000304	0.00012305250728983152
S42101030500	T42101000304	1.777072458422161e-06
S42101030600	T42101000304	6.115688415903612e-07
S42101029100	T42101000305	3.888447579819433e-06
S42101030500	T42101000305	0.00010775907186888649
S42101029200	T42101000301	1.7923322691500807e-06
S42101029300	T42101000301	2.6353219872894776e-06
S42101030100	T42101000301	7.231234574358485e-05
S42101029200	T42101000302	1.6219130443802013e-06
S42101030000	T42101000302	2.0264546350852167e-07
S42101030100	T42101000302	2.888680217955773e-06
S42101030200	T42101000302	8.97003587708439e-05
S42101030300	T42101000302	1.1102503311047813e-08
S42101029200	T42101000318	2.1112019420250358e-08
S42101030200	T42101000318	2.797495238328331e-06
S42101030300	T42101000318	5.859972495824489e-09
S42101031200	T42101000318	6.462299833633765e-08
S42101031800	T42101000318	4.745135977143509e-05
S42101029200	T42101000303	2.6680941812382806e-07
S42101030300	T42101000303	7.442572655485352e-05
S42101030400	T42101000303	1.4422803027066215e-05
S42101029200	T42101000312	6.551696811951219e-09
S42101030200	T42101000312	9.144298935984487e-09
S42101030300	T42101000312	3.9040805875657684e-08
S42101031100	T42101000312	1.998072930830128e-06
S42101031200	T42101000312	4.109915160950165e-05
S42101031700	T42101000312	1.3252261768661332e-08
S42101031800	T42101000312	3.346363962724959e-07
S42101029300	T42101000300	3.069448269252603e-07
S42101029400	T42101000300	1.601616792168394e-06
S42101029900	T42101000300	1.875055758379813e-08
S42101030000	T42101000300	9.171236809418147e-05
S42101030100	T42101000300	1.5288240384507378e-06
S42101030200	T42101000300	9.864351907264597e-07
S42101029400	T42101000299	1.6103019333245692e-06
S42101029500	T42101000299	7.561524497232501e-09
S42101029600	T42101000299	1.261404514926553e-07
S42101029900	T42101000299	5.936231751518872e-05
S42101030000	T42101000299	2.0637390754718768e-06
S42101029600	T42101000298	8.66956020205384e-09
S42101029700	T42101000298	1.3849896142989714e-07
S42101029800	T42101000298	6.411194619266766e-05
S42101029900	T42101000298	3.7847161287969407e-06
S42101030000	T42101000298	4.4076915691141815e-07
S42101029700	T42101000322	6.737026236694463e-06
S42101032100	T42101000322	3.9441990471932555e-07
S42101032200	T42101000322	0.00010227602899810349
S42101032300	T42101000322	2.625248604671928e-07
S42101029700	T42101000321	4.2714552070852915e-08
S42101029800	T42101000321	2.282394947899469e-06
S42101031900	T42101000321	6.561829201031084e-07
S42101032100	T42101000321	5.528370757992691e-05
S42101029800	T42101000319	2.081658859416411e-06
S42101030000	T42101000319	1.7316518747268462e-06
S42101030200	T42101000319	1.0560407410200749e-08
S42101031900	T42101000319	7.72565288584613e-05
S42101030000	T42101000317	5.708352266510235e-10
S42101030200	T42101000317	9.732560937603738e-07
S42101031700	T42101000317	8.857661924060439e-05
S42101031800	T42101000317	2.52261233231677e-06
S42101031900	T42101000317	3.219414980842389e-07
S42101030300	T42101000311	1.950286426463702e-06
S42101030900	T42101000311	2.8600801265018755e-06
S42101031100	T42101000311	7.393963344703011e-05
S42101030300	T42101000309	2.5671000147933114e-06
S42101030400	T42101000309	1.1150380711866874e-06
S42101030600	T42101000309	1.4026771423281734e-06
S42101030900	T42101000309	6.256504577165736e-05
S42101030400	T42101000306	1.0606751119373121e-06
S42101030500	T42101000306	3.3555527039575845e-06
S42101030600	T42101000306	9.976150674768946e-05
S42101030700	T42101000306	1.3822441565921388e-07
S42101030600	T42101000308	4.6705115421021875e-07
S42101030700	T42101000308	3.575323447729285e-06
S42101030800	T42101000308	7.836246148039446e-05
S42101030900	T42101000308	9.851639176805766e-07
S42101030600	T42101000307	3.2728501141835797e-06
S42101030700	T42101000307	6.278977956895365e-05
S42101030700	T42101000338	7.917375188112035e-07
S42101030800	T42101000338	2.7746917862089935e-06
S42101031000	T42101000338	5.709885738299178e-07
S42101033800	T42101000338	0.00014225974728672417
S42101033900	T42101000338	2.5188659701205927e-07
S42101034000	T42101000338	2.0094823742323962e-07
S42101030700	T42101000339	5.01367548839407e-07
S42101033800	T42101000339	1.5997316665914727e-08
S42101033900	T42101000339	0.00011481970654815844
S42101030800	T42101000310	2.2528467334256085e-06
S42101030900	T42101000310	1.248492184146457e-06
S42101031000	T42101000310	0.00010886615583562587
S42101031100	T42101000310	1.6425052467738515e-06
S42101031000	T42101000313	2.72107151516482e-07
S42101031100	T42101000313	1.1491883753853026e-06
S42101031200	T42101000313	2.378725392170709e-06
S42101031300	T42101000313	7.20229814358876e-05
S42101031700	T42101000313	1.6699764505856228e-07
S42101031000	T42101000314	1.8706790303207423e-06
S42101031300	T42101000314	3.645664080822993e-06
S42101031400	T42101000314	0.00011418860688884079
S42101031000	T42101000335	2.430069408712066e-06
S42101031400	T42101000335	1.9590358449602184e-06
S42101033500	T42101000335	9.128623312540291e-05
S42101033800	T42101000335	1.404661620944538e-06
S42101031300	T42101000316	2.5515369810047587e-07
S42101031600	T42101000316	7.30221738183959e-05
S42101031700	T42101000316	3.6380723525586576e-06
S42101031900	T42101000316	1.5743619209785295e-08
S42101032000	T42101000316	1.4385651173068296e-07
S42101031300	T42101000315	5.655078515499289e-08
S42101031400	T42101000315	1.7073161225303445e-06
S42101031500	T42101000315	0.00012007699169396652
S42101031600	T42101000315	3.3260643983617593e-06
S42101032500	T42101000315	2.3127000002704754e-08
S42101031400	T42101000332	5.36741964260643e-08
S42101031500	T42101000332	2.810840874975003e-06
S42101033100	T42101000332	7.731029117088975e-08
S42101033200	T42101000332	8.465900466179737e-05
S42101033400	T42101000332	5.874979895408492e-07
S42101034300	T42101000332	1.8192498608268038e-07
S42101031400	T42101000334	1.8081849472711253e-06
S42101033400	T42101000334	0.00011765826367027374
S42101033500	T42101000334	2.3708588313067495e-06
S42101033600	T42101000334	2.487479551120575e-06
S42101031500	T42101000325	6.206124921196397e-08
S42101031600	T42101000325	5.2100927775425474e-09
S42101032000	T42101000325	2.295016401788285e-06
S42101032300	T42101000325	3.1109179004885265e-06
S42101032500	T42101000325	8.277179435572447e-05
S42101031500	T42101000326	5.462361818173998e-07
S42101032500	T42101000326	4.912192239534433e-06
S42101032600	T42101000326	7.970157157869781e-05
S42101031500	T42101000331	1.6955699999916577e-06
S42101032600	T42101000331	1.0399999993101894e-09
S42101032900	T42101000331	1.2501406620258776e-08
S42101033000	T42101000331	7.163064686715549e-08
S42101033100	T42101000331	0.00012218734519935638
S42101033200	T42101000331	6.180605411550855e-07
S42101034300	T42101000331	1.1888522059824529e-06
S42101031600	T42101000320	7.300516904796537e-07
S42101031900	T42101000320	2.73933561564638e-06
S42101032000	T42101000320	6.943561269388781e-05
S42101031900	T42101000323	2.7867488483884814e-08
S42101032000	T42101000323	1.0995643925685357e-06
S42101032100	T42101000323	2.5802105153785827e-06
S42101032300	T42101000323	6.032735760357671e-05
S42101032200	T42101000324	3.142627115412094e-06
S42101032300	T42101000324	3.3774963545910807e-07
S42101032400	T42101000324	0.00012745638620763152
S42101032500	T42101000324	5.37886404731334e-07
S42101032600	T42101000324	3.630746713261271e-07
S42101032400	T42101000327	4.1351169794607346e-06
S42101032600	T42101000327	4.1167656426341705e-07
S42101032700	T42101000327	0.00020535424255490147
S42101032900	T42101000327	8.529311880930343e-07
S42101033000	T42101000327	5.694709447776017e-07
S42101032600	T42101000330	4.684987185675821e-06
S42101033000	T42101000330	7.311271607814383e-05
S42101033100	T42101000330	2.7729673616201495e-07
S42101032700	T42101000328	6.03532277609901e-06
S42101032800	T42101000328	0.00043766558539119494
S42101032900	T42101000328	1.2727669722693437e-06
S42101034900	T42101000328	2.1303248603538757e-06
S42101032800	T42101000349	1.1456516132243028e-06
S42101032900	T42101000349	2.341614563699994e-06
S42101034300	T42101000349	6.158624256274355e-08
S42101034801	T42101000349	2.5186529640066773e-06
S42101034900	T42101000349	0.0002005266946164776
S42101032800	T42101000351	3.7261399164095986e-06
S42101034900	T42101000351	3.463256647571888e-08
S42101035100	T42101000351	0.000146889464216447
S42101035200	T42101000351	1.611463300602648e-06
S42101032900	T42101000329	9.459065688466553e-05
S42101033000	T42101000329	4.3306823302338285e-06
S42101033100	T42101000329	3.386607850854028e-07
S42101032900	T42101000343	1.8952898464099406e-07
S42101033100	T42101000343	2.8986869882875072e-06
S42101033200	T42101000343	3.0959847970175267e-06
S42101033300	T42101000343	5.787279457020669e-06
S42101033400	T42101000343	7.405169390204212e-07
S42101033700	T42101000343	7.816709398552028e-06
S42101034000	T42101000343	1.2646160904879914e-06
S42101034200	T42101000343	5.519747160786987e-06
S42101034300	T42101000343	0.0005395093882585394
S42101034400	T42101000343	7.773131176271867e-07
S42101034702	T42101000343	1.5306340936691648e-06
S42101034900	T42101000343	5.423614976776723e-08
S42101033300	T42101000333	0.00010451034269160342
S42101033400	T42101000333	3.185591382861909e-06
S42101033700	T42101000333	1.6015697407628086e-06
S42101034300	T42101000333	8.444091847782639e-07
S42101033300	T42101000337	4.16178514071962e-08
S42101033400	T42101000337	2.152761018314062e-06
S42101033600	T42101000337	3.0089234528480863e-06
S42101033700	T42101000337	0.00020530279602816575
S42101033800	T42101000337	1.6083377642430653e-06
S42101034000	T42101000337	1.231204574097623e-06
S42101034300	T42101000337	2.0875593109707626e-06
S42101033500	T42101000336	3.432958043267121e-06
S42101033600	T42101000336	0.00011406949699600253
S42101033700	T42101000336	5.117353325553358e-07
S42101033800	T42101000336	1.5508096282108289e-06
S42101033800	T42101000340	1.78988832090331e-08
S42101033900	T42101000340	1.6610667743514668e-06
S42101034000	T42101000340	7.601998984239419e-05
S42101034100	T42101000340	2.1910444999967003e-06
S42101033900	T42101000341	3.394236080471846e-06
S42101034100	T42101000341	0.00013699642875435647
S42101034000	T42101000342	1.1717917556106445e-06
S42101034100	T42101000342	3.5335767456328477e-06
S42101034200	T42101000342	9.917735242247186e-05
S42101034300	T42101000345	6.380718198623455e-06
S42101034400	T42101000345	1.1158064757529185e-06
S42101034500	T42101000345	0.00014412301633523282
S42101035500	T42101000345	2.1524199039985104e-07
S42101034300	T42101000344	7.142935211816047e-06
S42101034400	T42101000344	0.0003531647201305083
S42101034300	T42101000348	4.747780181338967e-06
S42101034600	T42101000348	2.324927363778176e-06
S42101034702	T42101000348	3.019301076215763e-06
S42101034801	T42101000348	0.00014501333799838207
S42101034802	T42101000348	0.00012683414588906538
S42101034803	T42101000348	0.0001312532183209464
S42101035200	T42101000348	1.2053467032438157e-07
S42101034300	T42101000347	8.457485219272133e-06
S42101034500	T42101000347	1.8167111171691621e-06
S42101034701	T42101000347	0.0001171141808076953
S42101034702	T42101000347	9.957907285578841e-05
S42101034400	T42101000355	4.7287928550342535e-08
S42101034500	T42101000355	4.047930547574631e-06
S42101035500	T42101000355	0.00023853761138255004
S42101035600	T42101000355	3.1580871412845537e-06
S42101034400	T42101000356	9.522221847546533e-06
S42101035600	T42101000356	0.00035282616653529563
S42101034500	T42101000346	1.7611203703661496e-06
S42101034600	T42101000346	0.00018626536796299083
S42101034701	T42101000346	3.556847692289966e-06
S42101034702	T42101000346	2.160791974372797e-06
S42101034500	T42101000354	5.8004629630961605e-08
S42101034600	T42101000354	5.145709173301709e-06
S42101034802	T42101000354	1.7374644429907086e-06
S42101035400	T42101000354	0.0007944619309133394
S42101035500	T42101000354	3.867861851493325e-06
S42101036000	T42101000354	2.2750789891802282e-06
S42101034801	T42101000352	4.4882537545262564e-08
S42101034803	T42101000352	6.84827899017089e-07
S42101034900	T42101000352	3.8567118069984084e-06
S42101035200	T42101000352	0.00019179579538795727
S42101035301	T42101000352	7.259606938758198e-07
S42101034802	T42101000353	2.598466797647629e-08
S42101034803	T42101000353	5.2184537800191655e-06
S42101035200	T42101000353	7.542449999672885e-08
S42101035301	T42101000353	0.0001555130895144592
S42101035302	T42101000353	0.00015882810175923818
S42101035400	T42101000353	3.358704778337793e-06
S42101035200	T42101000362	2.1630000003956023e-08
S42101035301	T42101000362	4.2172782916644e-06
S42101035302	T42101000362	3.730127740764118e-06
S42101035400	T42101000362	2.1475529381299367e-06
S42101036100	T42101000362	9.406775137199356e-07
S42101036201	T42101000362	0.00011078599100002272
S42101036202	T42101000362	0.0001169914158658296
S42101036203	T42101000362	0.00014729251883935994
S42101035400	T42101000361	7.692483109128118e-06
S42101036000	T42101000361	2.7746868362311184e-07
S42101036100	T42101000361	0.00011987799820726468
S42101035400	T42101000360	1.0319026105380767e-07
S42101035500	T42101000360	3.1627827755625026e-06
S42101035600	T42101000360	3.780597362757558e-08
S42101035900	T42101000360	3.4137875862423237e-06
S42101036000	T42101000360	0.00021339127290880434
S42101036100	T42101000360	2.0421570802258116e-07
S42101036400	T42101000360	2.4990505552791294e-05
S42101036500	T42101000360	3.573892339690169e-07
S42101035600	T42101000357	6.057092772342044e-06
S42101035700	T42101000357	0.00021893752367816945
S42101035600	T42101000359	1.229232077476375e-06
S42101035700	T42101000359	3.432516060383526e-06
S42101035800	T42101000359	3.23846095949722e-06
S42101035900	T42101000359	0.0002307395909025935
S42101035700	T42101000358	4.33571026143595e-06
S42101035800	T42101000358	0.00017946718096779
S42101035800	T42101000365	3.1238795727245468e-06
S42101035900	T42101000365	4.4874140111279635e-06
S42101036400	T42101000365	1.3342700268583425e-06
S42101036500	T42101000365	0.00036755188545077393
S42101036000	T42101000364	7.206041837157057e-08
S42101036100	T42101000364	4.578031324760624e-06
S42101036303	T42101000364	5.836997926730284e-07
S42101036400	T42101000364	0.00045075241588623903
S42101036500	T42101000364	2.2865828475293532e-06
S42101036100	T42101000363	2.927575246215744e-06
S42101036202	T42101000363	3.365219134131794e-06
S42101036203	T42101000363	4.658766749070682e-06
S42101036301	T42101000363	0.0002457191677349643
S42101036302	T42101000363	5.478135400004257e-05
S42101036303	T42101000363	0.00025496568219978517
S42101036400	T42101000363	4.9909372363686905e-06
S42101036600	T42101036699	2.600000000108673e-08

