S42101032400	T42101000327	4.1351169794607346E-6
S42101032400	T42101000324	1.2745638620763152E-4
S42101014000	T42101000147	1.2091010945275168E-6
S42101014000	T42101000146	5.519013257581214E-7
S42101014000	T42101000140	4.206095531220723E-5
S42101014000	T42101000141	1.4321422675156092E-6
S42101008900	T42101000004	8.736935026278885E-7
S42101008900	T42101000008	6.043897750444684E-7
S42101008900	T42101000012	4.3225883255819723E-7
S42101008900	T42101000124	1.041554582230152E-6
S42101008900	T42101000007	4.5988745454637537E-7
S42101008900	T42101000090	1.0734708518613751E-6
S42101008900	T42101000091	3.0007053450948036E-7
S42101008900	T42101000089	9.265388796667192E-5
S42101006800	T42101000035	3.3319432072199524E-6
S42101006800	T42101000068	8.517587101999198E-5
S42101006800	T42101000069	1.0775167728069468E-6
S42101012300	T42101000123	6.089371684266113E-4
S42101012300	T42101000124	1.1820310693668238E-9
S42101012300	T42101000150	9.03829084215856E-6
S42101012300	T42101000111	1.129382865441311E-8
S42101012300	T42101000207	3.32593073913484E-6
S42101012300	T42101000170	2.6627808211396447E-6
S42101012300	T42101000122	9.26974311207903E-7
S42101035200	T42101000353	7.542449999672885E-8
S42101035200	T42101000362	2.1630000003956023E-8
S42101035200	T42101000352	1.9179579538795727E-4
S42101035200	T42101000348	1.2053467032438157E-7
S42101035200	T42101000351	1.611463300602648E-6
S42101028900	T42101000291	1.6604514610180224E-8
S42101028900	T42101000193	2.004392434769879E-5
S42101028900	T42101000289	1.1953710486606249E-4
S42101028900	T42101000191	1.4048103984799468E-6
S42101028900	T42101000290	3.692658659531212E-7
S42101028900	T42101000292	5.074052007201178E-6
S42101025900	T42101000260	1.4693411650844729E-6
S42101025900	T42101000259	5.4050192814852855E-5
S42101016100	T42101000160	1.1261008403410752E-6
S42101016100	T42101000179	7.107576086455792E-7
S42101016100	T42101000161	6.949292009683732E-5
S42101016100	T42101000178	1.7390714541867034E-6
S42101013700	T42101000138	2.5246140562246277E-6
S42101013700	T42101000137	5.9851208806698643E-5
S42101013700	T42101000149	1.4926856370486047E-6
S42101003702	T42101000037	2.612793318090651E-5
S42101003702	T42101003898	2.4682381577726092E-8
S42101003702	T42101000039	3.6788443750077645E-7
S42101013000	T42101000128	3.221879000084031E-7
S42101013000	T42101000129	1.155360506045016E-6
S42101013000	T42101000142	1.3627370281130022E-6
S42101013000	T42101000130	1.9039254065848067E-5
S42101013000	T42101000367	9.809031801094023E-8
S42101009100	T42101000109	2.971534756282932E-8
S42101009100	T42101000108	4.971005577233904E-7
S42101009100	T42101000091	4.1542681962956066E-5
S42101009100	T42101000090	2.4059021317548316E-6
S42101031900	T42101000316	1.5743619209785295E-8
S42101031900	T42101000323	2.7867488483884814E-8
S42101031900	T42101000319	7.72565288584613E-5
S42101031900	T42101000317	3.219414980842389E-7
S42101031900	T42101000321	6.561829201031084E-7
S42101031900	T42101000320	2.73933561564638E-6
S42101021900	T42101000218	4.416155650990216E-6
S42101021900	T42101000216	4.529795777603979E-7
S42101021900	T42101000217	2.1290061772326455E-8
S42101021900	T42101000219	1.461664057094706E-4
S42101030000	T42101000319	1.7316518747268462E-6
S42101030000	T42101000298	4.4076915691141815E-7
S42101030000	T42101000300	9.171236809418147E-5
S42101030000	T42101000299	2.0637390754718768E-6
S42101030000	T42101000317	5.708352266510235E-10
S42101030000	T42101000302	2.0264546350852167E-7
S42101033600	T42101000337	3.0089234528480863E-6
S42101033600	T42101000336	1.1406949699600253E-4
S42101033600	T42101000334	2.487479551120575E-6
S42101036100	T42101000363	2.927575246215744E-6
S42101036100	T42101000361	1.1987799820726468E-4
S42101036100	T42101000362	9.406775137199356E-7
S42101036100	T42101000360	2.0421570802258116E-7
S42101036100	T42101000364	4.578031324760624E-6
S42101001900	T42101000014	1.7714375499924107E-6
S42101001900	T42101000019	3.178698669243637E-5
S42101001900	T42101000018	3.3402960396167327E-7
S42101001900	T42101000024	6.854461536266116E-7
S42101030700	T42101000308	3.575323447729285E-6
S42101030700	T42101000339	5.01367548839407E-7
S42101030700	T42101000338	7.917375188112035E-7
S42101030700	T42101000307	6.278977956895365E-5
S42101030700	T42101000306	1.3822441565921388E-7
S42101028700	T42101000286	2.1621815257808414E-7
S42101028700	T42101000285	4.0338356743653444E-8
S42101028700	T42101000287	3.466195982534899E-5
S42101028700	T42101000288	2.0946386653776143E-6
S42101012500	T42101000003	1.492240412971586E-6
S42101012500	T42101000125	8.75645376164684E-5
S42101012500	T42101000126	1.5889120424196513E-6
S42101012500	T42101000134	1.595934118095926E-6
S42101012500	T42101000133	7.360856603202665E-7
S42101012500	T42101000150	7.869731497173543E-7
S42101008500	T42101000093	1.2756104511942516E-6
S42101008500	T42101000086	2.244425479478092E-6
S42101008500	T42101000094	2.6078630556002233E-7
S42101008500	T42101000085	6.178917776377257E-5
S42101009400	T42101000102	1.2109899898312016E-6
S42101009400	T42101000094	3.6549205785830384E-5
S42101009400	T42101000093	1.6117512243494702E-6
S42101012000	T42101000120	5.963417371184195E-5
S42101012000	T42101000121	3.619019788131637E-6
S42101014800	T42101000152	1.0158426178926207E-6
S42101014800	T42101000153	5.626506666672843E-8
S42101014800	T42101000147	9.765958820445698E-7
S42101014800	T42101000148	1.8055052433397328E-5
S42101031600	T42101000325	5.2100927775425474E-9
S42101031600	T42101000320	7.300516904796537E-7
S42101031600	T42101000316	7.30221738183959E-5
S42101031600	T42101000315	3.3260643983617593E-6
S42101020300	T42101000204	8.9473026312197E-10
S42101020300	T42101000198	2.33433071160442E-6
S42101020300	T42101000197	1.5017682769071273E-6
S42101020300	T42101000199	2.0490450157014154E-6
S42101020300	T42101000203	4.943015676551559E-5
S42101004600	T42101000046	4.15111718043244E-4
S42101004600	T42101000036	3.040987220308672E-8
S42101004600	T42101000035	4.788837416187359E-7
S42101004600	T42101000051	1.3239502260830937E-6
S42101004600	T42101004798	1.2717722128963165E-6
S42101004600	T42101003898	4.204110697144132E-6
S42101004600	T42101000058	6.176352067271659E-7
S42101016400	T42101000163	2.0921447705989186E-6
S42101016400	T42101000175	1.1841716582005633E-6
S42101016400	T42101000164	4.701392052031926E-5
S42101016400	T42101000176	3.5061305087711033E-7
S42101018700	T42101000189	1.7936395161140482E-6
S42101018700	T42101000187	8.137743320565507E-5
S42101018700	T42101000185	3.0045152464715307E-8
S42101018700	T42101000186	1.7138821257868926E-6
S42101012800	T42101000129	2.0048316717728914E-6
S42101012800	T42101000130	7.540869047659368E-7
S42101012800	T42101000128	2.446259692344503E-5
S42101036201	T42101000362	1.1078599100002272E-4
S42101032700	T42101000328	6.03532277609901E-6
S42101032700	T42101000327	2.0535424255490147E-4
S42101009600	T42101000095	2.1992002352666063E-6
S42101009600	T42101000101	9.785317031595062E-7
S42101009600	T42101000096	3.99312180615648E-5
S42101028000	T42101000280	7.070273295681787E-5
S42101028000	T42101000281	3.5704674270420608E-6
S42101028000	T42101000283	5.989475520541883E-7
S42101028000	T42101000279	3.8853856407918746E-7
S42101006600	T42101000069	4.159596680798836E-8
S42101006600	T42101000066	6.57774267423925E-5
S42101006600	T42101000070	1.8859816628408881E-6
S42101006600	T42101000067	1.4883781279364135E-6
S42101027600	T42101000276	6.57824415677161E-5
S42101027600	T42101000268	5.300563257529997E-7
S42101027600	T42101000270	8.74478256514751E-7
S42101027600	T42101000275	2.8351753500158583E-6
S42101008301	T42101000097	9.429998957311254E-8
S42101008301	T42101000096	7.026891212522046E-7
S42101008301	T42101000083	5.3588010889150946E-5
S42101010100	T42101000113	3.5716757244085534E-8
S42101010100	T42101000095	5.679027785053325E-7
S42101010100	T42101000101	6.005833930269415E-5
S42101010100	T42101000112	2.3206038566027854E-6
S42101010100	T42101000114	6.198373049700088E-7
S42101013600	T42101000138	4.469134439801526E-7
S42101013600	T42101000139	5.92028249076926E-7
S42101013600	T42101000137	6.811980308334296E-7
S42101013600	T42101000136	3.91656498977042E-5
S42101013600	T42101000135	1.6284103783742102E-6
S42101028200	T42101000275	2.0272611908192093E-6
S42101028200	T42101000276	1.519653914249165E-6
S42101028200	T42101000283	3.368454408196997E-7
S42101028200	T42101000285	1.4984002880731221E-6
S42101028200	T42101000282	8.546769616602703E-5
S42101026900	T42101000271	1.2551552577121926E-6
S42101026900	T42101000269	6.14176415305885E-5
S42101007800	T42101000079	7.058397609495853E-7
S42101007800	T42101000077	1.4727510095116695E-6
S42101007800	T42101000074	4.927616538924581E-7
S42101007800	T42101000087	2.212309787345766E-8
S42101007800	T42101000078	4.3246674477765826E-5
S42101027100	T42101000271	3.8187693885145406E-5
S42101027100	T42101000272	2.849171928577108E-6
S42101029400	T42101000300	1.601616792168394E-6
S42101029400	T42101000294	6.657884250470975E-5
S42101029400	T42101000295	4.191457697744753E-7
S42101029400	T42101000299	1.6103019333245692E-6
S42101023100	T42101000256	5.6984160393720906E-8
S42101023100	T42101000232	1.9328035633899467E-6
S42101023100	T42101000231	8.428831801912174E-5
S42101023100	T42101000228	3.1181739130742463E-7
S42101023100	T42101000257	3.1333268657719253E-6
S42101001300	T42101000019	9.748070862201462E-7
S42101001300	T42101000033	3.08612138862955E-8
S42101001300	T42101000012	1.8590069693519867E-6
S42101001300	T42101000020	9.916798563213295E-8
S42101001300	T42101000013	7.750710241808461E-5
S42101001300	T42101000014	1.0306853268004005E-6
S42101019000	T42101000191	5.937864709134298E-7
S42101019000	T42101000189	8.862956351601443E-7
S42101019000	T42101000293	3.5142008297940537E-6
S42101019000	T42101000190	7.726212206415796E-5
S42101018200	T42101000182	3.23956805078558E-4
S42101018200	T42101000183	4.837823858635643E-6
S42101018200	T42101000185	3.764062498967822E-10
S42101031500	T42101000326	5.462361818173998E-7
S42101031500	T42101000315	1.2007699169396652E-4
S42101031500	T42101000331	1.6955699999916577E-6
S42101031500	T42101000325	6.206124921196395E-8
S42101031500	T42101000332	2.810840874975003E-6
S42101032500	T42101000315	2.3127000002704754E-8
S42101032500	T42101000326	4.912192239534433E-6
S42101032500	T42101000324	5.37886404731334E-7
S42101032500	T42101000325	8.277179435572447E-5
S42101007000	T42101000070	4.622785293104981E-5
S42101007000	T42101000074	1.8917218787909661E-6
S42101007000	T42101000075	3.827140411471809E-8
S42101007000	T42101000069	1.0221537860355839E-6
S42101035400	T42101000353	3.358704778337793E-6
S42101035400	T42101000354	7.944619309133394E-4
S42101035400	T42101000362	2.1475529381299367E-6
S42101035400	T42101000361	7.692483109128118E-6
S42101035400	T42101000360	1.0319026105380767E-7
S42101002100	T42101000013	1.797332715264794E-7
S42101002100	T42101000021	2.2836158649320768E-5
S42101002100	T42101000022	1.2357702403759203E-6
S42101002100	T42101000019	8.50987838773546E-7
S42101023300	T42101000256	4.886297308721038E-7
S42101023300	T42101000237	1.6778647573292358E-6
S42101023300	T42101000236	5.879006298696017E-7
S42101023300	T42101000233	5.853813735603552E-5
S42101023300	T42101000255	1.6039175258872553E-6
S42101000900	T42101000009	2.4947461102275615E-5
S42101000900	T42101000010	8.523999289660754E-7
S42101000900	T42101000006	1.7574889687455657E-6
S42101010600	T42101000108	6.185200000059334E-8
S42101010600	T42101000106	2.415263318572184E-5
S42101010600	T42101000107	3.035603314296163E-6
S42101019100	T42101000289	2.3097290561522874E-7
S42101019100	T42101000292	1.3712350718082212E-6
S42101019100	T42101000293	7.22115912633835E-8
S42101019100	T42101000190	6.716770115364337E-6
S42101019100	T42101000189	2.282361603154602E-7
S42101019100	T42101000191	1.4630621315561378E-4
S42101009900	T42101000099	1.956901717564765E-5
S42101009900	T42101000097	2.1730765743411005E-6
S42101013900	T42101000140	1.9312446987522364E-6
S42101013900	T42101000138	2.6441122579513573E-7
S42101013900	T42101000149	2.266966972875166E-7
S42101013900	T42101000139	5.575265376073183E-5
S42101013900	T42101000148	1.0440909903822315E-6
S42101013900	T42101000147	5.924966270364528E-7
S42101027700	T42101000268	1.3169957607951483E-6
S42101027700	T42101000267	2.5954414005763784E-6
S42101027700	T42101000277	5.3602361761488E-5
S42101027700	T42101000278	1.9514702288605856E-7
S42101027700	T42101000265	4.470040542936075E-7
S42101008400	T42101000085	2.2252745178357296E-6
S42101008400	T42101000094	9.852548749883698E-7
S42101008400	T42101000095	2.7514294095395845E-7
S42101008400	T42101000084	4.88797276662115E-5
S42101019800	T42101000196	1.6514503050036755E-6
S42101019800	T42101000198	5.311175716770878E-5
S42101019800	T42101000197	2.377942527262251E-6
S42101029900	T42101000300	1.875055758379813E-8
S42101029900	T42101000296	7.6907984221695E-9
S42101029900	T42101000298	3.7847161287969407E-6
S42101029900	T42101000299	5.936231751518872E-5
S42101011200	T42101000111	2.3751779789967575E-6
S42101011200	T42101000112	5.044745485115614E-5
S42101011200	T42101000113	5.634771698337071E-7
S42101035100	T42101000351	1.46889464216447E-4
S42101030800	T42101000338	2.7746917862089935E-6
S42101030800	T42101000310	2.2528467334256085E-6
S42101030800	T42101000308	7.836246148039446E-5
S42101004800	T42101000048	4.435294482066508E-5
S42101004800	T42101000049	2.3871220890375917E-6
S42101004800	T42101000045	1.052762590307331E-6
S42101036400	T42101000364	4.5075241588623903E-4
S42101036400	T42101000365	1.3342700268583425E-6
S42101036400	T42101000360	2.4990505552791294E-5
S42101036400	T42101000363	4.9909372363686905E-6
S42101008200	T42101000081	2.1162398650668976E-6
S42101008200	T42101000072	2.8091800007170746E-9
S42101008200	T42101000083	1.795471795770389E-6
S42101008200	T42101000082	8.368973229950111E-5
S42101008200	T42101000065	1.7094685967687694E-7
S42101014900	T42101000148	1.0046125762242649E-6
S42101014900	T42101000149	4.387368090440238E-5
S42101014900	T42101000151	1.972699970590542E-6
S42101014900	T42101000152	5.583920487724842E-7
S42101019400	T42101000194	1.3565505136598746E-4
S42101019400	T42101000193	3.408691152358721E-6
S42101019400	T42101000289	1.7883152769179834E-6
S42101019400	T42101000288	1.1111422047060266E-6
S42101026500	T42101000266	2.70805566348849E-6
S42101026500	T42101000265	5.4507643045781064E-5
S42101026500	T42101000267	8.373012907497938E-7
S42101001500	T42101000011	1.7725721269761528E-6
S42101001500	T42101000015	2.2537921777775993E-5
S42101001500	T42101000010	2.7621290418572416E-7
S42101001500	T42101000016	6.55143191063283E-7
S42101001200	T42101000011	1.149520830471343E-6
S42101001200	T42101000009	5.6105942310048953E-8
S42101001200	T42101000008	2.9114277144754177E-6
S42101001200	T42101000012	6.680181301273447E-5
S42101031300	T42101000315	5.655078515499289E-8
S42101031300	T42101000316	2.5515369810047587E-7
S42101031300	T42101000313	7.20229814358876E-5
S42101031300	T42101000314	3.645664080822993E-6
S42101034803	T42101000348	1.312532183209464E-4
S42101034803	T42101000353	5.2184537800191655E-6
S42101034803	T42101000352	6.84827899017089E-7
S42101014400	T42101000144	6.14723892497469E-5
S42101014400	T42101000156	8.673761788345676E-7
S42101014400	T42101000158	1.9021273540221771E-6
S42101014400	T42101000157	1.0286072173789007E-6
S42101021100	T42101000223	4.730491442220611E-6
S42101021100	T42101000211	5.301869555779307E-5
S42101026600	T42101000268	2.1232413357271837E-6
S42101026600	T42101000266	8.928978804596917E-5
S42101024700	T42101000249	1.0707546262372145E-6
S42101024700	T42101000247	9.43583959174681E-5
S42101024700	T42101000248	7.293515357170534E-7
S42101024700	T42101000245	1.2840971146024188E-6
S42101024700	T42101000279	1.817450805941361E-6
S42101025100	T42101000264	1.057177018602204E-6
S42101025100	T42101000251	5.231714495290627E-5
S42101025100	T42101000250	1.996796112679345E-6
S42101025100	T42101000254	3.3153191586010845E-7
S42101026100	T42101000262	1.6254913933882394E-6
S42101026100	T42101000260	2.129631900629592E-6
S42101026100	T42101000259	3.8934784719799665E-7
S42101026100	T42101000261	6.596038236441849E-5
S42101026100	T42101000263	5.2595494372680416E-8
S42101029200	T42101000312	6.5516968119512195E-9
S42101029200	T42101000293	1.2142936431622528E-6
S42101029200	T42101000292	1.7268984479977092E-4
S42101029200	T42101000291	3.4039497383027687E-7
S42101029200	T42101000304	2.603750854748023E-6
S42101029200	T42101000301	1.7923322691500807E-6
S42101029200	T42101000318	2.1112019420250358E-8
S42101029200	T42101000303	2.6680941812382806E-7
S42101029200	T42101000302	1.6219130443802013E-6
S42101029200	T42101000289	4.233227806390651E-7
S42101016500	T42101000174	6.784511473725206E-7
S42101016500	T42101000165	3.805046622341736E-5
S42101016500	T42101000175	5.398834300293653E-8
S42101016500	T42101000164	2.791930108213205E-6
S42101016500	T42101000162	6.902141780124284E-7
S42101002300	T42101000023	2.0110990508118823E-5
S42101002300	T42101000024	2.1750094918888456E-6
S42101000700	T42101000007	2.423236030480589E-5
S42101000700	T42101000005	5.252798209492426E-8
S42101000700	T42101000004	2.6440735306611483E-6
S42101000700	T42101000006	4.77488182414066E-7
S42101025800	T42101000261	2.085680452390141E-6
S42101025800	T42101000258	5.7806992108096016E-5
S42101025800	T42101000259	1.723827439518767E-6
S42101021700	T42101000223	6.482556517084506E-6
S42101021700	T42101000217	1.591777432928129E-4
S42101021700	T42101000212	3.795501901317067E-7
S42101028800	T42101000286	3.874415001658835E-9
S42101028800	T42101000289	2.420284170772458E-6
S42101028800	T42101000290	2.2785069435384737E-7
S42101028800	T42101000288	4.490643951694397E-5
S42101028800	T42101000194	4.6564820291917324E-7
S42101002800	T42101000024	7.70038400006497E-7
S42101002800	T42101000027	2.5668878441682253E-6
S42101002800	T42101000025	5.135902857087048E-8
S42101002800	T42101000028	5.9118964727248024E-5
S42101000800	T42101000006	5.281731617618265E-8
S42101000800	T42101000009	7.683479326892029E-7
S42101000800	T42101000008	3.984918251048719E-5
S42101000800	T42101000007	2.7627522406406275E-6
S42101036500	T42101000365	3.6755188545077393E-4
S42101036500	T42101000364	2.286582847529354E-6
S42101036500	T42101000360	3.573892339690169E-7
S42101026200	T42101000263	2.145362352384977E-6
S42101026200	T42101000262	5.419133287558483E-5
S42101026200	T42101000264	2.2401547720054003E-6
S42101015200	T42101000168	2.064307413964058E-6
S42101015200	T42101000152	6.526090000003138E-5
S42101015200	T42101000153	2.1051757575614094E-6
S42101015200	T42101000167	5.7116828446387686E-8
S42101034400	T42101000356	9.522221847546533E-6
S42101034400	T42101000345	1.1158064757529185E-6
S42101034400	T42101000343	7.773131176271859E-7
S42101034400	T42101000355	4.7287928550342535E-8
S42101034400	T42101000344	3.531647201305083E-4
S42101006100	T42101000059	1.7586769164043102E-10
S42101006100	T42101000061	5.253920290496968E-5
S42101006100	T42101000060	3.8681700477874274E-10
S42101006100	T42101000068	7.208810221992716E-7
S42101006100	T42101000058	1.7699160945485135E-6
S42101006100	T42101000067	1.3232007935735812E-6
S42101034702	T42101000343	1.5306340936691648E-6
S42101034702	T42101000347	9.957907285578841E-5
S42101034702	T42101000348	3.019301076215763E-6
S42101034702	T42101000346	2.160791974372797E-6
S42101013400	T42101000136	4.769990400059334E-7
S42101013400	T42101000135	1.1859679999916353E-6
S42101013400	T42101000134	4.165394286279744E-5
S42101013400	T42101000133	1.4698900972407846E-6
S42101032100	T42101000321	5.528370757992691E-5
S42101032100	T42101000323	2.5802105153785827E-6
S42101032100	T42101000322	3.9441990471932555E-7
S42101022400	T42101000224	6.287621767011606E-5
S42101022400	T42101000226	2.642370761095498E-6
S42101022400	T42101000225	1.5732417911468646E-6
S42101022400	T42101000228	1.0914130226748014E-6
S42101022400	T42101000227	4.903705561183933E-8
S42101022400	T42101000223	2.96369699324808E-7
S42101021800	T42101000217	4.443697111023317E-7
S42101021800	T42101000223	3.115922469722561E-6
S42101021800	T42101000218	1.012667172395245E-4
S42101021800	T42101000222	2.3575405796673635E-6
S42101033200	T42101000332	8.465900466179737E-5
S42101033200	T42101000343	3.0959847970175267E-6
S42101033200	T42101000331	6.180605411550856E-7
S42101020900	T42101000210	4.2418478872710185E-7
S42101020900	T42101000209	5.5581792936535485E-5
S42101020900	T42101000223	2.361192751599876E-6
S42101020900	T42101000211	1.6590810230968754E-6
S42101004002	T42101000041	1.766992984616169E-6
S42101004002	T42101000040	3.312800701536755E-5
S42101011900	T42101000119	6.739111222501003E-5
S42101011900	T42101000120	9.88720125553216E-7
S42101011900	T42101000123	2.4534040260791693E-6
S42101011900	T42101000121	1.485813587690625E-6
S42101011900	T42101000111	1.0106520356248129E-6
S42101006500	T42101000070	4.518189860894403E-8
S42101006500	T42101000082	2.045333333661875E-8
S42101006500	T42101000081	1.5556818174486023E-9
S42101006500	T42101000071	2.905071537935409E-6
S42101006500	T42101000065	1.1461653274223229E-4
S42101006500	T42101000072	2.7269932381762813E-6
S42101006500	T42101000066	1.1490203673242434E-6
S42101015000	T42101000134	1.5365730191331755E-6
S42101015000	T42101000136	2.877501062278128E-6
S42101015000	T42101000171	8.212326722518366E-7
S42101015000	T42101000137	3.3195931624382607E-6
S42101015000	T42101000169	3.5308779682619314E-6
S42101015000	T42101000170	2.901761566766305E-7
S42101015000	T42101000149	1.0383627058848557E-6
S42101015000	T42101000150	3.2123635160112536E-4
S42101015000	T42101000151	3.4003231520140887E-6
S42101032300	T42101000325	3.1109179004885265E-6
S42101032300	T42101000323	6.032735760357671E-5
S42101032300	T42101000324	3.3774963545910807E-7
S42101032300	T42101000322	2.6252486046719325E-7
S42101012600	T42101000131	5.525078849964963E-8
S42101012600	T42101000126	3.555706929091791E-5
S42101012600	T42101000127	1.8551620727250368E-6
S42101012600	T42101000132	1.0280678478791085E-6
S42101013200	T42101000132	4.224694303467552E-5
S42101013200	T42101000131	2.065220044837622E-6
S42101013200	T42101000141	1.4000369204829462E-6
S42101014600	T42101000141	4.390730382712838E-7
S42101014600	T42101000146	4.452571736182188E-5
S42101014600	T42101000155	3.1659961956504034E-7
S42101014600	T42101000145	2.0471665551218156E-6
S42101014600	T42101000154	8.233364252151598E-7
S42101011300	T42101000111	5.907105028532674E-7
S42101011300	T42101000113	3.352378688859756E-5
S42101011300	T42101000118	2.2650526085368615E-6
S42101004102	T42101000041	3.960287032143963E-5
S42101004102	T42101000042	1.7842786785713548E-6
S42101015700	T42101000161	1.4138697511502598E-6
S42101015700	T42101000157	4.819219380701748E-5
S42101015700	T42101000162	8.388146530246146E-7
S42101015700	T42101000158	1.3424004381438505E-6
S42101015700	T42101000160	5.608935064761711E-8
S42101008700	T42101000088	2.626311591448121E-6
S42101008700	T42101000087	5.3402114124726096E-5
S42101008700	T42101000092	1.0762242838165576E-6
S42101027900	T42101000279	1.2951008088184126E-4
S42101027900	T42101000281	1.3449395272199553E-6
S42101027900	T42101000278	4.973037368717496E-6
S42101027900	T42101000277	9.284422222257789E-7
S42101027400	T42101000274	8.187408900660926E-5
S42101027400	T42101000272	3.716955428560828E-7
S42101027400	T42101000271	7.157086288237388E-7
S42101027400	T42101000286	7.643542169147265E-8
S42101027400	T42101000273	3.8000214000231436E-6
S42101019700	T42101000197	8.671950160436355E-5
S42101019700	T42101000284	8.888301936267927E-7
S42101019700	T42101000196	2.639176505029218E-6
S42101019700	T42101000283	7.972532484089342E-7
S42101019700	T42101000287	6.295009485889489E-7
S42101006200	T42101000067	2.052259789550532E-6
S42101006200	T42101000061	1.0752848476853988E-6
S42101006200	T42101000062	5.015810536275488E-5
S42101006000	T42101000061	1.6808917555085263E-6
S42101006000	T42101000059	1.584730271144909E-6
S42101006000	T42101000060	1.0911737957122901E-4
S42101006000	T42101000062	2.0583074021256745E-6
S42101009200	T42101000091	1.7367119298379242E-6
S42101009200	T42101000106	7.752057142776888E-7
S42101009200	T42101000108	4.98040000004369E-7
S42101009200	T42101000092	5.0961767310871704E-5
S42101009200	T42101000105	2.606307592852911E-7
S42101009200	T42101000107	2.41428571443281E-9
S42101016902	T42101000172	3.1099789189792347E-7
S42101016902	T42101000171	1.0777275909022783E-6
S42101016902	T42101000169	5.790372451720288E-5
S42101024800	T42101000249	9.94276791557129E-7
S42101024800	T42101000250	1.0360666302947613E-6
S42101024800	T42101000247	1.3811701042805485E-6
S42101024800	T42101000248	3.090863647386577E-5
S42101003400	T42101000035	2.215821588742782E-5
S42101003400	T42101000034	4.955800078112727E-5
S42101003400	T42101000075	5.076001007208816E-6
S42101003400	T42101000033	1.4262714836559216E-6
S42101003400	T42101000076	9.652613405911105E-7
S42101011600	T42101000115	7.362656837779219E-7
S42101011600	T42101000117	1.92237303559579E-6
S42101011600	T42101000116	7.479637596834114E-5
S42101011600	T42101000118	3.0950479799325993E-8
S42101011600	T42101000114	1.308296178785532E-6
S42101023200	T42101000231	1.5118471022658483E-7
S42101023200	T42101000230	4.990214521515081E-8
S42101023200	T42101000232	7.769259086058224E-5
S42101023200	T42101000233	2.294547740937339E-6
S42101023200	T42101000256	2.4918610430517495E-6
S42101005500	T42101000055	1.1891386901846375E-4
S42101005500	T42101000056	1.1713454070646496E-6
S42101005500	T42101000063	1.4381568499831813E-6
S42101005500	T42101000060	4.875521224457973E-6
S42101007700	T42101000076	2.2773507237960984E-6
S42101007700	T42101000087	5.229723428657601E-7
S42101007700	T42101000077	3.053169927622273E-5
S42101007700	T42101000088	6.82227657148553E-7
S42101016600	T42101000165	3.254955835441665E-6
S42101016600	T42101000166	2.325102667498854E-5
S42101016600	T42101000174	3.559674895593856E-7
S42101026000	T42101000263	1.4327245641336133E-6
S42101026000	T42101000260	5.3331026934291096E-5
S42101026301	T42101000263	4.1814482596355046E-5
S42101028500	T42101000274	5.5314047652791325E-8
S42101028500	T42101000286	3.168358471194596E-6
S42101028500	T42101000275	5.421537712676249E-7
S42101028500	T42101000285	2.6111567209853008E-5
S42101018300	T42101000184	5.123853577509471E-6
S42101018300	T42101000183	1.9790912809910393E-4
S42101018300	T42101000295	4.954285714462792E-10
S42101027800	T42101000278	7.144203625349368E-5
S42101027800	T42101000277	1.4116194031781335E-6
S42101027800	T42101000276	2.7178905180470188E-6
S42101027800	T42101000282	1.5894312535477321E-6
S42101027800	T42101000268	7.402257173308411E-8
S42101005600	T42101000057	1.6862613242221161E-6
S42101005600	T42101000055	2.2243881675329538E-7
S42101005600	T42101000056	8.440594628616662E-5
S42101005600	T42101000059	2.029209857541209E-6
S42101005600	T42101000060	2.774671531331931E-8
S42101026400	T42101000264	7.909970633350581E-5
S42101026400	T42101000265	1.5785741868646847E-6
S42101026400	T42101000263	2.745903822084744E-6
S42101026400	T42101000262	5.470656575475622E-7
S42101021200	T42101000223	3.536075114698989E-6
S42101021200	T42101000212	4.858840611643199E-5
S42101021200	T42101000211	2.3528176886212668E-7
S42101034801	T42101000352	4.4882537545262564E-8
S42101034801	T42101000349	2.5186529640066773E-6
S42101034801	T42101000348	1.4501333799838207E-4
S42101032900	T42101000329	9.459065688466553E-5
S42101032900	T42101000328	1.2727669722693437E-6
S42101032900	T42101000343	1.8952898464099406E-7
S42101032900	T42101000349	2.341614563699994E-6
S42101032900	T42101000327	8.529311880930326E-7
S42101032900	T42101000331	1.2501406620258776E-8
S42101015800	T42101000143	2.4971039998537153E-7
S42101015800	T42101000158	5.943345437925046E-5
S42101015800	T42101000160	2.6389455065152306E-6
S42101015800	T42101000159	3.8288971428753526E-7
S42101002400	T42101000025	1.8313801646935919E-6
S42101002400	T42101000017	6.675311991023563E-8
S42101002400	T42101000024	5.236099320396561E-5
S42101002400	T42101000018	2.2605735114288275E-6
S42101032600	T42101000324	3.630746713261271E-7
S42101032600	T42101000330	4.684987185675821E-6
S42101032600	T42101000327	4.1167656426341705E-7
S42101032600	T42101000326	7.970157157869781E-5
S42101032600	T42101000331	1.0399999993101894E-9
S42101002500	T42101000017	1.7208636698871653E-6
S42101002500	T42101000366	1.4574800948174065E-6
S42101002500	T42101000025	3.881680623529823E-5
S42101001800	T42101000016	5.472143333587579E-8
S42101001800	T42101000017	7.47509015386909E-7
S42101001800	T42101000018	2.236339688459868E-5
S42101001800	T42101000015	2.051622666674291E-6
S42101007400	T42101000076	3.4122112551445026E-8
S42101007400	T42101000077	2.0105497142868682E-6
S42101007400	T42101000078	3.954704411957669E-7
S42101007400	T42101000074	6.754890485909856E-5
S42101007400	T42101000075	1.1726678728231292E-6
S42101019900	T42101000199	6.674560404354383E-5
S42101019900	T42101000175	3.875770367242142E-7
S42101019900	T42101000195	1.6226779718264057E-8
S42101019900	T42101000198	1.6889121206996704E-6
S42101019900	T42101000196	1.2969300192990202E-6
S42101029600	T42101000296	2.301293148945766E-5
S42101029600	T42101000298	8.66956020205384E-9
S42101029600	T42101000297	8.693723321934825E-7
S42101029600	T42101000184	6.323323725444794E-7
S42101029600	T42101000299	1.261404514926553E-7
S42101029600	T42101000183	2.9913329411787955E-7
S42101035800	T42101000365	3.1238795727245468E-6
S42101035800	T42101000358	1.7946718096779E-4
S42101035800	T42101000359	3.23846095949722E-6
S42101004500	T42101000041	8.348152692252472E-7
S42101004500	T42101000044	1.4514964187598977E-6
S42101004500	T42101000040	1.0159396135228767E-6
S42101004500	T42101000045	4.910264669851106E-5
S42101025500	T42101000254	1.8290734441751912E-6
S42101025500	T42101000255	7.76864577918213E-5
S42101025500	T42101000253	8.417413884786236E-7
S42101025500	T42101000261	1.7427273754806543E-6
S42101030900	T42101000311	2.8600801265018755E-6
S42101030900	T42101000308	9.851639176805766E-7
S42101030900	T42101000309	6.256504577165736E-5
S42101030900	T42101000310	1.248492184146457E-6
S42101017601	T42101000176	6.170725583852079E-5
S42101017601	T42101000177	4.851891614798876E-7
S42101007100	T42101000070	1.0209835075013855E-6
S42101007100	T42101000071	6.695785713405873E-5
S42101007100	T42101000073	2.2814730969502866E-6
S42101007100	T42101000074	5.646862615104605E-7
S42101016300	T42101000163	5.659478069344118E-5
S42101016300	T42101000161	1.1167201451550603E-6
S42101016300	T42101000177	4.2140504582371306E-7
S42101016300	T42101000178	3.6006172664149025E-8
S42101016300	T42101000176	1.7657829429199232E-6
S42101022500	T42101000225	9.02148623977809E-5
S42101022500	T42101000226	1.1470472244677265E-6
S42101035302	T42101000353	1.5882810175923818E-4
S42101035302	T42101000362	3.730127740764118E-6
S42101012700	T42101000127	3.2949670852011135E-5
S42101012700	T42101000130	3.9376143411671697E-7
S42101012700	T42101000128	1.6537637454189222E-6
S42101012700	T42101000131	7.639199684644124E-7
S42101016800	T42101000173	5.935440000029847E-7
S42101016800	T42101000168	5.694039906879025E-5
S42101016800	T42101000172	4.5821066666388717E-7
S42101016800	T42101000169	2.0159951724266726E-7
S42101016800	T42101000167	2.891296747315674E-6
S42101009700	T42101000098	3.922223030648343E-6
S42101009700	T42101000116	2.8924753773785426E-6
S42101009700	T42101000097	2.0923151166025E-4
S42101009700	T42101000099	1.7339698273015062E-6
S42101009700	T42101000100	4.011280557169485E-6
S42101009700	T42101000115	1.5774029137616567E-6
S42101009700	T42101000096	1.2304976057088082E-6
S42101023400	T42101000232	9.880521942638905E-7
S42101023400	T42101000233	1.7017554092866996E-6
S42101023400	T42101000234	8.063744064760087E-5
S42101023400	T42101000230	7.69128623497809E-8
S42101023400	T42101000236	2.0027888865076436E-6
S42101031100	T42101000311	7.393963344703011E-5
S42101031100	T42101000310	1.6425052467738515E-6
S42101031100	T42101000313	1.1491883753853026E-6
S42101031100	T42101000312	1.998072930830128E-6
S42101014200	T42101000143	3.8976494219343826E-6
S42101014200	T42101000144	1.8544849714306618E-6
S42101014200	T42101000142	1.0367570956152198E-4
S42101014200	T42101000158	1.3028571441714622E-9
S42101014200	T42101000367	1.2428335737123603E-6
S42101016200	T42101000162	3.388933608575641E-5
S42101016200	T42101000161	1.1014900068190257E-6
S42101016200	T42101000164	8.341493714646962E-7
S42101016200	T42101000163	1.1930745359590178E-6
S42101032200	T42101000324	3.142627115412094E-6
S42101032200	T42101000322	1.0227602899810349E-4
S42101022100	T42101000222	3.1331346778643544E-6
S42101022100	T42101000218	1.5014721655330756E-6
S42101022100	T42101000221	6.468099315661555E-5
S42101029000	T42101000290	8.040845498869343E-5
S42101029000	T42101000291	3.6325248124310595E-6
S42101029000	T42101000273	7.206201988516317E-7
S42101000600	T42101000006	1.553652175142192E-5
S42101000600	T42101000005	1.7829614803472506E-6
S42101000600	T42101000001	2.7592709654187193E-8
S42101000600	T42101000010	3.724180585704616E-7
S42101034200	T42101000343	5.519747160786987E-6
S42101034200	T42101000342	9.917735242247186E-5
S42101006400	T42101000065	1.5624667558370486E-6
S42101006400	T42101000055	3.398181818155127E-8
S42101006400	T42101000064	6.539298007107294E-5
S42101006400	T42101000066	8.860864197045528E-7
S42101006400	T42101000063	1.69479243519396E-6
S42101030400	T42101000309	1.1150380711866874E-6
S42101030400	T42101000304	1.2305250728983152E-4
S42101030400	T42101000306	1.0606751119373121E-6
S42101030400	T42101000303	1.4422803027066215E-5
S42101034802	T42101000354	1.7374644429907086E-6
S42101034802	T42101000348	1.2683414588906538E-4
S42101034802	T42101000353	2.598466797647629E-8
S42101029500	T42101000295	6.41011244538166E-5
S42101029500	T42101000299	7.561524497232501E-9
S42101029500	T42101000183	1.0405745461403002E-6
S42101029500	T42101000294	8.981047552581186E-8
S42101029500	T42101000296	1.7380290000007124E-6
S42101004202	T42101000042	4.463576237367866E-5
S42101004202	T42101000043	2.036698126318186E-6
S42101007900	T42101000079	3.741029629786837E-5
S42101007900	T42101000086	1.5229862068944878E-6
S42101007900	T42101000087	9.304674952342769E-7
S42101003000	T42101000029	2.544841320482302E-6
S42101003000	T42101000030	4.587552481978502E-5
S42101003000	T42101000022	9.856940539289492E-7
S42101003000	T42101000023	5.8939805834102656E-8
S42101017000	T42101000202	7.076374570131689E-9
S42101017000	T42101000205	3.4477380000150702E-6
S42101017000	T42101000207	8.53664448494517E-8
S42101017000	T42101000170	1.6802167289945737E-4
S42101017000	T42101000150	2.8431210524914747E-8
S42101017000	T42101000171	1.3960220706123284E-6
S42101028600	T42101000287	8.794366943439954E-9
S42101028600	T42101000288	8.105550824947981E-7
S42101028600	T42101000273	2.2851357813693176E-8
S42101028600	T42101000290	2.7563806431512434E-6
S42101028600	T42101000274	9.181548837356342E-7
S42101028600	T42101000286	6.766651566588789E-5
S42101012200	T42101000123	5.442990477694777E-6
S42101012200	T42101000122	1.5056428755171297E-4
S42101004400	T42101000042	1.476041798182778E-6
S42101004400	T42101000043	1.8248830351465766E-6
S42101004400	T42101000044	5.7102320570498555E-5
S42101004400	T42101000041	4.3700159615206955E-7
S42101033500	T42101000336	3.432958043267121E-6
S42101033500	T42101000334	2.3708588313067495E-6
S42101033500	T42101000335	9.128623312540291E-5
S42101030200	T42101000318	2.797495238328331E-6
S42101030200	T42101000319	1.0560407410200747E-8
S42101030200	T42101000300	9.86435190726459E-7
S42101030200	T42101000302	8.97003587708439E-5
S42101030200	T42101000312	9.144298935984487E-9
S42101030200	T42101000317	9.732560937603738E-7
S42101024100	T42101000246	2.3648754285499393E-6
S42101024100	T42101000241	3.984136715984354E-5
S42101024100	T42101000242	1.0251574115905524E-6
S42101036202	T42101000363	3.365219134131794E-6
S42101036202	T42101000362	1.169914158658296E-4
S42101018800	T42101000188	6.758478145737747E-5
S42101018800	T42101000189	1.8604571566248484E-6
S42101018800	T42101000187	1.0297613860022334E-6
S42101021600	T42101000216	1.8539663093910516E-4
S42101021600	T42101000219	2.333983381788598E-5
S42101021600	T42101000215	1.2567593199830775E-5
S42101021600	T42101000217	3.396592543135315E-6
S42101025400	T42101000264	5.417905083318647E-8
S42101025400	T42101000254	7.692028560258478E-5
S42101025400	T42101000251	2.064863645754184E-6
S42101025400	T42101000262	2.206110073493683E-6
S42101025400	T42101000261	3.2456162735282105E-7
S42101018100	T42101000182	7.874554202766581E-5
S42101018100	T42101000181	7.194232216665128E-5
S42101018100	T42101000159	1.6125991136350732E-5
S42101002700	T42101000025	1.295454571419518E-6
S42101002700	T42101000027	5.862289388017429E-5
S42101002700	T42101000026	2.1076314683824453E-6
S42101002700	T42101000366	4.986200800033292E-7
S42101024200	T42101000245	1.8363898410828383E-6
S42101024200	T42101000244	1.3953505454387494E-6
S42101024200	T42101000246	4.482175679954497E-7
S42101024200	T42101000242	5.265909204548661E-5
S42101021400	T42101000215	3.09229159061047E-8
S42101021400	T42101000213	2.7264792593732636E-6
S42101021400	T42101000214	6.60683647285679E-5
S42101021400	T42101000210	9.224830961507388E-7
S42101025700	T42101000227	1.4534009406464128E-8
S42101025700	T42101000256	1.6456196065679635E-6
S42101025700	T42101000257	7.409340472165197E-5
S42101009300	T42101000093	3.894318016940397E-5
S42101009300	T42101000103	1.3165400906774645E-6
S42101009300	T42101000104	2.192652739922153E-6
S42101017400	T42101000174	3.412593365434233E-5
S42101017400	T42101000175	2.534066345624999E-6
S42101024500	T42101000245	7.818019937179568E-5
S42101024500	T42101000279	4.192120440442235E-6
S42101024500	T42101000280	2.3176801878153464E-6
S42101034300	T42101000349	6.158624256274355E-8
S42101034300	T42101000344	7.142935211816047E-6
S42101034300	T42101000333	8.444091847782639E-7
S42101034300	T42101000347	8.457485219272133E-6
S42101034300	T42101000345	6.380718198623455E-6
S42101034300	T42101000332	1.8192498608268038E-7
S42101034300	T42101000331	1.1888522059824529E-6
S42101034300	T42101000337	2.0875593109707643E-6
S42101034300	T42101000343	5.395093882585394E-4
S42101034300	T42101000348	4.747780181338967E-6
S42101003300	T42101000013	1.5129459414803147E-6
S42101003300	T42101000032	2.068946137501774E-6
S42101003300	T42101000020	1.085772401852913E-6
S42101003300	T42101000033	7.616985049595092E-5
S42101003300	T42101000076	5.397140232288985E-7
S42101000100	T42101000129	6.323970960897584E-7
S42101000100	T42101000127	2.5695010502650783E-7
S42101000100	T42101000001	7.105410388389116E-5
S42101000100	T42101000366	2.480105483873922E-6
S42101000100	T42101000128	7.765014311403401E-7
S42101007200	T42101000071	9.620713279951268E-7
S42101007200	T42101000081	2.9019231203394644E-7
S42101007200	T42101000073	1.3196161719935126E-6
S42101007200	T42101000080	2.089095000010538E-7
S42101007200	T42101000072	4.865896068796087E-5
S42101023800	T42101000246	7.915948550816076E-7
S42101023800	T42101000252	2.94012101207385E-6
S42101023800	T42101000241	1.2060169940804745E-6
S42101023800	T42101000238	7.824561713876424E-5
S42101024000	T42101000243	9.92567655203416E-7
S42101024000	T42101000242	1.095812275872706E-6
S42101024000	T42101000240	6.102590933085277E-5
S42101024000	T42101000241	2.1221107380637792E-6
S42101018000	T42101000186	1.9649265302960934E-6
S42101018000	T42101000187	4.1951999333004275E-7
S42101018000	T42101000181	9.776197261649725E-7
S42101018000	T42101000180	8.284615170473918E-5
S42101018000	T42101000182	3.360330303022699E-8
S42101018000	T42101000179	1.456217424278505E-7
S42101023500	T42101000235	7.46245427548788E-5
S42101023500	T42101000239	1.8186603617889618E-6
S42101023500	T42101000234	2.6607170991126724E-6
S42101023500	T42101000236	3.6022950605272874E-6
S42101023500	T42101000223	1.15148472365459E-6
S42101033800	T42101000335	1.404661620944538E-6
S42101033800	T42101000340	1.78988832090331E-8
S42101033800	T42101000338	1.4225974728672417E-4
S42101033800	T42101000337	1.6083377642430653E-6
S42101033800	T42101000336	1.5508096282108289E-6
S42101033800	T42101000339	1.5997316665914727E-8
S42101009800	T42101000097	4.377050506368671E-6
S42101009800	T42101000098	9.098214249688623E-5
S42101008302	T42101000096	2.594924081680191E-7
S42101008302	T42101000095	3.748341840503202E-7
S42101008302	T42101000083	4.0878688956915285E-5
S42101008302	T42101000084	2.5580581969202933E-6
S42101008302	T42101000081	1.0409762539716357E-6
S42101025600	T42101000258	2.165093749999215E-6
S42101025600	T42101000255	2.277233030247528E-6
S42101025600	T42101000261	4.6648180327899966E-8
S42101025600	T42101000256	8.703190545910095E-5
S42101024400	T42101000245	2.306468832738218E-6
S42101024400	T42101000244	4.116478103986803E-5
S42101024400	T42101000205	8.989908692246547E-7
S42101024400	T42101000280	1.6070925815414713E-7
S42101015500	T42101000156	1.603531994703072E-6
S42101015500	T42101000166	3.371199999833282E-8
S42101015500	T42101000162	6.417474434322548E-7
S42101015500	T42101000165	9.596279411649918E-7
S42101015500	T42101000155	4.1116930620701964E-5
S42101019600	T42101000196	7.3404361192668E-5
S42101019600	T42101000195	6.186933725293869E-8
S42101019600	T42101000194	4.838405623367828E-6
S42101019600	T42101000287	8.028393162400814E-7
S42101019600	T42101000288	4.7224530503902676E-8
S42101014500	T42101000145	3.127151320654178E-5
S42101014500	T42101000155	8.667852597368634E-7
S42101014500	T42101000144	9.879050918810481E-7
S42101014500	T42101000156	1.0988964418609883E-6
S42101023600	T42101000236	9.704691542310255E-5
S42101023600	T42101000238	4.7072050142496843E-7
S42101023600	T42101000239	1.006552491557762E-6
S42101023600	T42101000237	4.715711583940044E-6
S42101026302	T42101000263	6.857893117061404E-5
S42101026302	T42101000266	2.0185530753704128E-6
S42101026302	T42101000265	4.919404812376299E-7
S42101011400	T42101000116	2.958473684053652E-8
S42101011400	T42101000118	2.482284322350146E-6
S42101011400	T42101000113	2.267019184320351E-6
S42101011400	T42101000114	9.815756175648675E-5
S42101005200	T42101000058	6.04458158609671E-7
S42101005200	T42101000051	3.908066858189608E-6
S42101005200	T42101000050	5.524167401044056E-6
S42101005200	T42101000052	0.0010725117086094653
S42101005200	T42101000057	5.19770857854099E-9
S42101029300	T42101000294	2.7589092500048673E-6
S42101029300	T42101000300	3.069448269252603E-7
S42101029300	T42101000293	6.727271893578596E-5
S42101029300	T42101000301	2.6353219872894776E-6
S42101003901	T42101000039	4.221920745455199E-5
S42101003901	T42101000040	1.704312987925955E-6
S42101003901	T42101000030	9.718689302283395E-7
S42101003901	T42101000029	4.5436062729558575E-7
S42101034500	T42101000346	1.7611203703661496E-6
S42101034500	T42101000355	4.047930547574631E-6
S42101034500	T42101000354	5.8004629630961605E-8
S42101034500	T42101000347	1.8167111171691621E-6
S42101034500	T42101000345	1.4412301633523282E-4
S42101011800	T42101000118	9.258130643373978E-5
S42101011800	T42101000111	2.755789214291839E-7
S42101011800	T42101000120	1.781455750042478E-7
S42101011800	T42101000117	2.281294867707513E-9
S42101011800	T42101000119	5.938887774992827E-6
S42101006900	T42101000069	6.819659187070285E-5
S42101006900	T42101000035	2.5083741837148213E-6
S42101006900	T42101000075	1.458788544554891E-5
S42101035600	T42101000359	1.229232077476375E-6
S42101035600	T42101000357	6.057092772342044E-6
S42101035600	T42101000356	3.5282616653529563E-4
S42101035600	T42101000360	3.780597362757558E-8
S42101035600	T42101000355	3.1580871412845537E-6
S42101014100	T42101000146	1.5169310502507372E-6
S42101014100	T42101000144	9.502206869431194E-7
S42101014100	T42101000142	1.0859844440339442E-6
S42101014100	T42101000145	9.0642023834463E-7
S42101014100	T42101000141	5.577169358042486E-5
S42101008800	T42101000087	2.4569800420511746E-11
S42101008800	T42101000076	4.5747343202473144E-7
S42101008800	T42101000089	1.893004411981269E-6
S42101008800	T42101000092	3.311758086144603E-7
S42101008800	T42101000091	8.869266838137305E-7
S42101008800	T42101000088	5.658169509376287E-5
S42101006300	T42101000067	4.262935894253277E-8
S42101006300	T42101000063	5.535705071485007E-5
S42101006300	T42101000060	6.889162205025794E-7
S42101006300	T42101000062	1.063587235116324E-6
S42101006300	T42101000066	1.337466470588996E-6
S42101013300	T42101000126	2.598656666652126E-7
S42101013300	T42101000133	3.4512948484844563E-5
S42101013300	T42101000141	7.025204321832958E-8
S42101013300	T42101000140	7.082446878067422E-7
S42101013300	T42101000132	2.429989117458285E-6
S42101005100	T42101000050	4.613862749237013E-6
S42101005100	T42101004798	2.6008653164220824E-6
S42101005100	T42101000048	5.968906051339055E-8
S42101005100	T42101000049	2.397488342714828E-6
S42101005100	T42101000051	2.777795186445916E-4
S42101005100	T42101000046	2.073488653563345E-8
S42101020200	T42101000202	7.628804700641222E-5
S42101020200	T42101000201	3.7675465168361093E-6
S42101020200	T42101000173	4.871208027729693E-7
S42101020200	T42101000205	1.3567393055610488E-10
S42101020500	T42101000243	2.960434230912732E-7
S42101020500	T42101000202	8.255511835527183E-7
S42101020500	T42101000205	1.4608421691025052E-4
S42101020500	T42101000204	3.0969570999798635E-6
S42101020500	T42101000203	1.3103909024104187E-8
S42101020500	T42101000280	5.136110000055938E-7
S42101020500	T42101000201	1.7351647410944013E-7
S42101011500	T42101000114	2.769411463002817E-6
S42101011500	T42101000116	1.641489177607515E-8
S42101011500	T42101000115	3.5080013645212404E-5
S42101017900	T42101000180	1.257030256217433E-6
S42101017900	T42101000179	6.823418237814484E-5
S42101017900	T42101000178	1.8513593256581392E-6
S42101017900	T42101000187	1.955578039983102E-6
S42101030600	T42101000306	9.976150674768946E-5
S42101030600	T42101000309	1.4026771423281734E-6
S42101030600	T42101000307	3.2728501141835797E-6
S42101030600	T42101000304	6.115688415903612E-7
S42101030600	T42101000308	4.6705115421021875E-7
S42101034701	T42101000346	3.556847692289966E-6
S42101034701	T42101000347	1.171141808076953E-4
S42101036303	T42101000364	5.836997926730284E-7
S42101036303	T42101000363	2.5496568219978517E-4
S42101034000	T42101000340	7.601998984239419E-5
S42101034000	T42101000337	1.231204574097623E-6
S42101034000	T42101000338	2.0094823742323973E-7
S42101034000	T42101000342	1.1717917556106445E-6
S42101034000	T42101000343	1.2646160904879914E-6
S42101021500	T42101000217	2.9948543912015953E-6
S42101021500	T42101000212	2.024002672827292E-8
S42101021500	T42101000214	4.98866808214705E-7
S42101021500	T42101000213	1.0957267166588028E-6
S42101021500	T42101000215	1.0281896555717721E-4
S42101020800	T42101000240	1.6219943016402757E-6
S42101020800	T42101000208	8.99142722013231E-5
S42101020800	T42101000207	1.7852664359239065E-6
S42101020800	T42101000206	8.055161154252343E-7
S42101020800	T42101000223	4.4224494567304657E-7
S42101005400	T42101000057	6.168420353715499E-7
S42101005400	T42101000052	3.5551215849753025E-6
S42101005400	T42101000055	7.178071616317542E-7
S42101005400	T42101000056	2.7978763067829114E-6
S42101005400	T42101000054	2.34274262426389E-4
S42101008600	T42101000104	3.0431089834654715E-7
S42101008600	T42101000087	2.227098369513114E-6
S42101008600	T42101000086	6.209831854989084E-5
S42101008600	T42101000093	2.713898938576214E-7
S42101008600	T42101000105	4.954833613089569E-7
S42101008600	T42101000092	5.254489271287702E-7
S42101010900	T42101000124	2.6122727847806733E-6
S42101010900	T42101000109	2.4347727215231876E-5
S42101021000	T42101000210	8.838278574577897E-5
S42101021000	T42101000214	2.5517991904655935E-7
S42101021000	T42101000211	2.7382440303781665E-6
S42101021000	T42101000209	1.192878804830799E-6
S42101022700	T42101000227	5.649675167205001E-5
S42101022700	T42101000257	1.2318642354682224E-6
S42101029700	T42101000321	4.2714552070852915E-8
S42101029700	T42101000322	6.737026236694463E-6
S42101029700	T42101000298	1.3849896142989714E-7
S42101029700	T42101000184	8.22316357338961E-8
S42101029700	T42101000297	8.790573258128998E-5
S42101018600	T42101000182	9.675370636336278E-7
S42101018600	T42101000186	7.144119134391826E-5
S42101018600	T42101000185	2.719471592408293E-6
S42101004001	T42101000028	8.190297593515754E-7
S42101004001	T42101000040	3.074634883935471E-5
S42101004001	T42101000029	2.390794247264453E-8
S42101004001	T42101000041	1.6907134588211439E-6
S42101029800	T42101000319	2.081658859416411E-6
S42101029800	T42101000298	6.411194619266766E-5
S42101029800	T42101000321	2.282394947899469E-6
S42101010300	T42101000111	1.1592563416572865E-6
S42101010300	T42101000103	2.6530114414996542E-5
S42101010300	T42101000104	2.157664243353902E-6
S42101032800	T42101000328	4.3766558539119494E-4
S42101032800	T42101000349	1.1456516132243028E-6
S42101032800	T42101000351	3.7261399164095986E-6
S42101011000	T42101000110	4.736388737282476E-5
S42101011000	T42101000124	1.364681538474314E-6
S42101011000	T42101000123	2.824610088664717E-6
S42101016901	T42101000168	2.0802935172418236E-6
S42101016901	T42101000169	5.0585678374643756E-5
S42101016901	T42101000172	1.2789307747843252E-6
S42101016901	T42101000152	2.60147333327756E-7
S42101027200	T42101000272	6.504190550856267E-5
S42101027200	T42101000291	1.1012753126490315E-6
S42101027200	T42101000273	3.3342759999784906E-8
S42101016000	T42101000180	1.0712330137939234E-7
S42101016000	T42101000160	7.190556430250022E-5
S42101016000	T42101000159	2.2477986305927047E-6
S42101016000	T42101000179	1.4667137655441354E-6
S42101036302	T42101000363	5.478135400004257E-5
S42101030500	T42101000306	3.3555527039575845E-6
S42101030500	T42101000305	1.0775907186888649E-4
S42101030500	T42101000142	2.963648774397289E-7
S42101030500	T42101000304	1.777072458422161E-6
S42101030500	T42101000367	2.963648774397289E-7
S42101030500	T42101000291	1.4723959131909225E-7
S42101017200	T42101000172	5.520244663217981E-5
S42101017200	T42101000171	1.1911678549929759E-6
S42101017200	T42101000202	5.468977948706034E-8
S42101017200	T42101000173	2.6715957333265016E-6
S42101013100	T42101000142	7.500155642576368E-8
S42101013100	T42101000131	3.094566619820437E-5
S42101013100	T42101000141	1.1167021500883936E-6
S42101013100	T42101000130	1.6927975952802527E-6
S42101021300	T42101000213	5.352779402395929E-5
S42101021300	T42101000210	2.3621932066392745E-7
S42101021300	T42101000214	1.9132660909553202E-7
S42101021300	T42101000211	2.384337962844344E-8
S42101021300	T42101000212	3.3717166666879046E-6
S42101017300	T42101000173	8.710409101947859E-5
S42101017300	T42101000201	2.716878437476621E-6
S42101017300	T42101000200	3.4228428309156547E-7
S42101017300	T42101000202	9.190592027828721E-7
S42101017300	T42101000174	1.272787057192912E-6
S42101020600	T42101000240	1.4888181233468734E-6
S42101020600	T42101000243	2.5641281572988033E-6
S42101020600	T42101000205	2.452566666585516E-7
S42101020600	T42101000206	1.3867112223564163E-4
S42101020600	T42101000208	1.6742911832009403E-8
S42101020600	T42101000170	9.13418405201768E-7
S42101033400	T42101000343	7.405169390204212E-7
S42101033400	T42101000337	2.152761018314062E-6
S42101033400	T42101000334	1.1765826367027374E-4
S42101033400	T42101000332	5.874979895408492E-7
S42101033400	T42101000333	3.185591382861909E-6
S42101019200	T42101000190	1.5612820454603467E-8
S42101019200	T42101000188	6.404714747649812E-7
S42101019200	T42101000193	1.4667198815185685E-6
S42101019200	T42101000192	6.526578051537563E-5
S42101019200	T42101000191	1.792537220962748E-6
S42101019200	T42101000189	2.212808689879233E-8
S42101013800	T42101000149	7.73574055376333E-7
S42101013800	T42101000138	3.372881127401239E-5
S42101013800	T42101000139	2.4644646706357535E-6
S42101020700	T42101000208	1.1100767963713918E-6
S42101020700	T42101000207	1.536149552122136E-4
S42101020700	T42101000170	9.08156342504219E-7
S42101020700	T42101000206	4.424961648917532E-6
S42101035500	T42101000360	3.1627827755625026E-6
S42101035500	T42101000345	2.1524199039985104E-7
S42101035500	T42101000355	2.3853761138255004E-4
S42101035500	T42101000354	3.867861851493325E-6
S42101000400	T42101000005	1.4222164817383579E-6
S42101000400	T42101000003	2.66216144882404E-6
S42101000400	T42101000002	5.180131988543431E-8
S42101000400	T42101000004	5.239677074954696E-5
S42101001600	T42101000010	1.254673416543856E-6
S42101001600	T42101000016	1.8815867780039607E-5
S42101001600	T42101000366	9.59686303398405E-7
S42101022300	T42101000239	1.2158939420318456E-6
S42101022300	T42101000230	4.294521979595389E-6
S42101022300	T42101000240	3.2029403696707424E-7
S42101022300	T42101000225	1.0287392325496155E-6
S42101022300	T42101000209	1.1734241070833164E-7
S42101022300	T42101000228	1.6415521563624558E-7
S42101022300	T42101000207	4.6706437286981324E-7
S42101022300	T42101000229	7.440933241429688E-6
S42101022300	T42101000234	3.01290773429784E-7
S42101022300	T42101000222	6.803046044686988E-6
S42101022300	T42101000224	5.652432329877102E-6
S42101022300	T42101000235	9.22555724510745E-6
S42101022300	T42101000223	5.563055878444365E-4
S42101022300	T42101000211	7.964124024908874E-8
S42101022300	T42101000208	3.533308090456223E-6
S42101029100	T42101000290	4.7107511257141356E-8
S42101029100	T42101000142	5.281365543828445E-8
S42101029100	T42101000292	1.1162739900230899E-7
S42101029100	T42101000305	3.888447579819433E-6
S42101029100	T42101000367	5.281365543828445E-8
S42101029100	T42101000291	1.352587304903196E-4
S42101029100	T42101000304	3.2749005554091912E-6
S42101034600	T42101000354	5.145709173301709E-6
S42101034600	T42101000346	1.8626536796299083E-4
S42101034600	T42101000348	2.324927363778176E-6
S42101014700	T42101000147	3.346180639640243E-5
S42101014700	T42101000153	1.1796078732406105E-6
S42101014700	T42101000154	4.5992468208672995E-8
S42101014700	T42101000146	1.557193262142843E-6
S42101017100	T42101000171	1.1691924981124637E-4
S42101017100	T42101000172	1.8694140344770309E-6
S42101017100	T42101000170	8.242237499947336E-8
S42101017100	T42101000202	2.4405764532110035E-6
S42101017100	T42101000205	1.8803260688467546E-9
S42101015400	T42101000154	2.9799485011800484E-5
S42101015400	T42101000166	8.620654881846411E-7
S42101015400	T42101000155	2.05523450000602E-6
S42101036203	T42101000362	1.4729251883935994E-4
S42101036203	T42101000363	4.658766749070682E-6
S42101017500	T42101000176	2.643654835693527E-6
S42101017500	T42101000199	1.9123068012118924E-8
S42101017500	T42101000195	1.511698646173368E-6
S42101017500	T42101000175	7.242792345014318E-5
S42101003902	T42101000045	1.605263243818504E-6
S42101003902	T42101000039	4.616891903054107E-5
S42101003902	T42101000040	1.432397225648639E-6
S42101023700	T42101000233	3.5765949374879735E-7
S42101023700	T42101000237	1.0781432365870717E-4
S42101023700	T42101000253	3.15200620710451E-6
S42101023700	T42101000252	1.1070741086882302E-6
S42101023700	T42101000238	1.2561948796922115E-6
S42101023700	T42101000255	5.323916520593907E-7
S42101012900	T42101000142	1.2546477999994867E-6
S42101012900	T42101000367	1.4907610826991327E-7
S42101012900	T42101000366	2.525355473935524E-6
S42101012900	T42101000129	3.4002541726079045E-5
S42101035301	T42101000352	7.259606938758198E-7
S42101035301	T42101000362	4.2172782916644E-6
S42101035301	T42101000353	1.555130895144592E-4
S42101000300	T42101000002	1.207476255177084E-6
S42101000300	T42101000125	2.80248810767085E-6
S42101000300	T42101000126	5.553143262374139E-8
S42101000300	T42101000003	5.520103354077609E-5
S42101000300	T42101000004	2.453376637499124E-7
S42101033300	T42101000337	4.16178514071962E-8
S42101033300	T42101000343	5.787279457020669E-6
S42101033300	T42101000333	1.0451034269160342E-4
S42101019300	T42101000191	3.1176527540183613E-6
S42101019300	T42101000193	9.406329993481776E-5
S42101019300	T42101000192	6.239473111767777E-7
S42101020000	T42101000200	2.955545662225936E-5
S42101020000	T42101000175	1.2273166293107228E-8
S42101020000	T42101000203	2.633928584414198E-6
S42101020000	T42101000199	1.316227872738789E-6
S42101020000	T42101000174	1.771137543353543E-7
S42101011100	T42101000105	8.609248169116973E-7
S42101011100	T42101000123	2.707438887102086E-6
S42101011100	T42101000111	1.3257486248832698E-4
S42101011100	T42101000110	1.777100827160365E-6
S42101011100	T42101000118	9.01087980521605E-7
S42101014300	T42101000182	1.6544777640845502E-6
S42101014300	T42101000143	8.279264017804351E-5
S42101014300	T42101000159	1.50854285716612E-6
S42101014300	T42101000142	3.245456275862294E-7
S42101014300	T42101000158	2.571497143214272E-8
S42101022900	T42101000230	2.228352600666075E-6
S42101022900	T42101000231	6.444513090318877E-7
S42101022900	T42101000229	1.1909951675854475E-4
S42101022900	T42101000223	1.5426978778897953E-6
S42101022900	T42101000228	3.0245239538401296E-6
S42101008100	T42101000085	3.257487321477936E-7
S42101008100	T42101000080	2.162714349997938E-6
S42101008100	T42101000084	9.227141368951833E-7
S42101008100	T42101000072	4.623689384541037E-8
S42101008100	T42101000081	6.132603588710556E-5
S42101012100	T42101000123	1.7193069511878127E-6
S42101012100	T42101000121	8.872556492299452E-5
S42101012100	T42101000122	3.822672625853609E-6
S42101007300	T42101000079	2.607575152151475E-8
S42101007300	T42101000078	2.292855081046753E-6
S42101007300	T42101000080	6.252330896612819E-7
S42101007300	T42101000073	3.7718910731067214E-5
S42101007300	T42101000074	6.569253467036992E-7
S42101003600	T42101000033	2.355877006524528E-6
S42101003600	T42101000032	8.975780641401385E-7
S42101003600	T42101000037	2.7340692358491934E-6
S42101003600	T42101000036	8.776864069347105E-5
S42101004101	T42101000041	3.730760636975467E-5
S42101004101	T42101000042	1.6723857402307108E-6
S42101004101	T42101000028	9.740603315632823E-7
S42101004101	T42101000027	3.0104755847302057E-7
S42101010500	T42101000106	2.3221495999928613E-6
S42101010500	T42101000105	6.411648383042293E-5
S42101010500	T42101000111	3.919849999996093E-7
S42101010500	T42101000092	1.340483669571758E-6
S42101010500	T42101000110	5.1600319150026996E-8
S42101010500	T42101000107	1.7787750808586395E-6
S42101009000	T42101000109	4.989610669490668E-7
S42101009000	T42101000090	4.399519542842377E-5
S42101009000	T42101000124	2.9808435046313595E-6
S42101003200	T42101000032	4.858940778558954E-5
S42101003200	T42101000021	5.5404791521625264E-8
S42101003200	T42101000031	2.054028229300812E-6
S42101003200	T42101000020	1.281159193583284E-6
S42101010200	T42101000111	2.704475296488809E-8
S42101010200	T42101000103	2.0003804943121834E-6
S42101010200	T42101000112	4.6753930885971334E-7
S42101010200	T42101000093	3.3229126115173085E-7
S42101010200	T42101000102	3.496426418270282E-5
S42101027000	T42101000269	1.6651298951685723E-6
S42101027000	T42101000271	2.1798000000013716E-6
S42101027000	T42101000270	6.414457010483399E-5
S42101023900	T42101000241	5.5505108035891566E-8
S42101023900	T42101000238	3.2024674801450587E-6
S42101023900	T42101000240	7.833342072074859E-7
S42101023900	T42101000239	4.756889320458831E-5
S42101003701	T42101000037	3.501218426413392E-5
S42101003701	T42101000030	5.068000000079477E-7
S42101003701	T42101000032	4.240680127750894E-7
S42101003701	T42101000031	1.0935977230830222E-6
S42101003701	T42101000039	8.022000000109762E-7
S42101002000	T42101000021	1.2259829913922896E-6
S42101002000	T42101000013	1.2401165897036037E-6
S42101002000	T42101000020	2.80590004189092E-5
S42101034100	T42101000340	2.1910444999967003E-6
S42101034100	T42101000341	1.3699642875435647E-4
S42101034100	T42101000342	3.5335767456328477E-6
S42101031800	T42101000318	4.745135977143509E-5
S42101031800	T42101000317	2.52261233231677E-6
S42101031800	T42101000312	3.346363962724959E-7
S42101015300	T42101000167	1.244483136024101E-6
S42101015300	T42101000153	4.548137330250538E-5
S42101015300	T42101000154	2.047971094780154E-6
S42101015300	T42101000166	5.474446670087688E-8
S42101003500	T42101000036	6.20623530653618E-6
S42101003500	T42101000033	2.0114673000077094E-6
S42101003500	T42101000035	1.6718166778306913E-4
S42101003500	T42101000046	1.5928105265549368E-8
S42101003500	T42101000034	1.7091391005188672E-5
S42101032000	T42101000325	2.295016401788285E-6
S42101032000	T42101000320	6.943561269388781E-5
S42101032000	T42101000316	1.4385651173068296E-7
S42101032000	T42101000323	1.0995643925685357E-6
S42101000200	T42101000001	1.360001364904509E-6
S42101000200	T42101000126	1.0186215673776595E-6
S42101000200	T42101000002	3.970061709747454E-5
S42101000200	T42101000127	6.99359970227652E-7
S42101010700	T42101000124	1.2343226966403482E-8
S42101010700	T42101000110	1.879184680862859E-6
S42101010700	T42101000108	2.9252647730431565E-6
S42101010700	T42101000107	4.399477131913423E-5
S42101031000	T42101000338	5.709885738299178E-7
S42101031000	T42101000310	1.0886615583562587E-4
S42101031000	T42101000314	1.8706790303207423E-6
S42101031000	T42101000313	2.72107151516482E-7
S42101031000	T42101000335	2.430069408712066E-6
S42101022200	T42101000221	3.5288851423208347E-7
S42101022200	T42101000222	1.9938051279620798E-4
S42101022200	T42101000223	5.457220689516865E-6
S42101008000	T42101000079	1.7177881896526015E-6
S42101008000	T42101000080	4.202314306034469E-5
S42101008000	T42101000086	4.926976376359903E-8
S42101008000	T42101000085	1.2297989862357274E-6
S42101036301	T42101000363	2.457191677349643E-4
S42101023000	T42101000231	2.712303680760898E-6
S42101023000	T42101000230	1.250553739121885E-4
S42101023000	T42101000234	1.8055514798592406E-6
S42101023000	T42101000223	7.709454545782511E-8
S42101023000	T42101000232	2.062589881747454E-6
S42101010000	T42101000101	2.498126699852732E-6
S42101010000	T42101000096	9.81102803323622E-7
S42101010000	T42101000115	4.721577572275834E-7
S42101010000	T42101000114	6.024329677127832E-8
S42101010000	T42101000100	5.426182944281471E-5
S42101015100	T42101000151	7.418412687738423E-5
S42101015100	T42101000152	2.391967999987173E-6
S42101015100	T42101000169	1.7182196226380432E-6
S42101028300	T42101000282	5.573501368231854E-7
S42101028300	T42101000284	3.889142776245781E-6
S42101028300	T42101000283	6.707432158693409E-5
S42101017700	T42101000177	7.175766574480877E-5
S42101017700	T42101000192	2.193947259591376E-6
S42101017700	T42101000178	1.1411860664611002E-6
S42101017700	T42101000188	2.953059291413201E-7
S42101013500	T42101000135	3.99805216216294E-5
S42101013500	T42101000140	5.495553012519508E-7
S42101013500	T42101000139	1.0024473195473128E-6
S42101013500	T42101000133	1.2623757575754867E-6
S42101006700	T42101000067	1.003435319300146E-4
S42101006700	T42101000069	2.1371810205167445E-6
S42101006700	T42101000068	2.7332545494894147E-6
S42101025200	T42101000248	1.0255034934162432E-6
S42101025200	T42101000246	1.7338943479298808E-6
S42101025200	T42101000252	9.431544659135065E-5
S42101025200	T42101000251	1.3049361507475231E-6
S42101025200	T42101000250	1.0646827403824432E-6
S42101025200	T42101000253	2.3053667618206207E-7
S42101017602	T42101000195	2.0292412025660003E-6
S42101017602	T42101000176	3.731269333197269E-5
S42101017602	T42101000177	2.252920465464864E-6
S42101020100	T42101000204	5.78419736855272E-10
S42101020100	T42101000200	3.797259094636332E-6
S42101020100	T42101000201	8.524005857151121E-5
S42101020100	T42101000203	2.860103914127876E-6
S42101031700	T42101000312	1.3252261768661332E-8
S42101031700	T42101000316	3.6380723525586576E-6
S42101031700	T42101000317	8.857661924060439E-5
S42101031700	T42101000313	1.6699764505856228E-7
S42101001400	T42101000012	1.8170764572644394E-6
S42101001400	T42101000011	5.222536398323135E-8
S42101001400	T42101000018	2.870000000035176E-7
S42101001400	T42101000014	3.080787712320247E-5
S42101001400	T42101000015	6.504555555510443E-7
S42101033000	T42101000330	7.311271607814383E-5
S42101033000	T42101000327	5.694709447776017E-7
S42101033000	T42101000331	7.163064686715549E-8
S42101033000	T42101000329	4.3306823302338285E-6
S42101019500	T42101000192	1.1163249138795659E-6
S42101019500	T42101000195	7.958596403429608E-5
S42101019500	T42101000196	1.630819780160022E-7
S42101019500	T42101000193	8.373646836690712E-7
S42101019500	T42101000194	9.958948076665622E-7
S42101019500	T42101000177	5.078195824333786E-7
S42101033900	T42101000339	1.1481970654815844E-4
S42101033900	T42101000341	3.394236080471846E-6
S42101033900	T42101000338	2.5188659701205927E-7
S42101033900	T42101000340	1.6610667743514668E-6
S42101010400	T42101000105	4.267724732045466E-6
S42101010400	T42101000111	3.953031495269927E-7
S42101010400	T42101000104	4.4635372118404635E-5
S42101022600	T42101000226	6.131193201446792E-5
S42101022600	T42101000225	2.1841004732239566E-8
S42101022600	T42101000227	1.4215641374531024E-6
S42101027500	T42101000270	8.495307434698369E-7
S42101027500	T42101000274	4.506851840307506E-6
S42101027500	T42101000271	5.664222832578227E-8
S42101027500	T42101000275	5.944022368789689E-5
S42101018900	T42101000293	9.026699999866641E-7
S42101018900	T42101000185	6.349475814145648E-7
S42101018900	T42101000189	1.0300924344489379E-4
S42101018900	T42101000294	7.818377697731043E-7
S42101018900	T42101000183	2.565985611164206E-8
S42101018900	T42101000295	2.4567343478044076E-6
S42101009500	T42101000095	3.0773719861210204E-5
S42101009500	T42101000101	6.000229427579773E-8
S42101009500	T42101000112	1.5051198339433943E-7
S42101009500	T42101000094	1.5927000336426153E-6
S42101009500	T42101000102	1.6162658274763285E-6
S42101036000	T42101000364	7.206041837157057E-8
S42101036000	T42101000360	2.1339127290880434E-4
S42101036000	T42101000361	2.7746868362311184E-7
S42101036000	T42101000354	2.2750789891802282E-6
S42101020400	T42101000280	1.63526659722779E-6
S42101020400	T42101000197	8.142446714839228E-7
S42101020400	T42101000203	4.2770682692357776E-7
S42101020400	T42101000283	3.8250265437242174E-7
S42101020400	T42101000204	4.0231519749993554E-5
S42101033700	T42101000336	5.117353325553358E-7
S42101033700	T42101000343	7.816709398552028E-6
S42101033700	T42101000337	2.0530279602816575E-4
S42101033700	T42101000333	1.6015697407628086E-6
S42101001700	T42101000366	1.0302807096129174E-6
S42101001700	T42101000017	1.9146996694822808E-5
S42101001700	T42101000016	1.5044950955715684E-6
S42101003800	T42101000037	4.808133190833207E-7
S42101003800	T42101003898	6.796961227632857E-5
S42101003800	T42101000036	1.3399762780233817E-7
S42101003800	T42101000039	4.079964276783437E-6
S42101004201	T42101000027	1.033770717172679E-6
S42101004201	T42101000026	1.9141038081839497E-7
S42101004201	T42101000042	3.514193140934813E-5
S42101004201	T42101000043	1.6632374926652843E-6
S42101030100	T42101000301	7.231234574358485E-5
S42101030100	T42101000302	2.888680217955773E-6
S42101030100	T42101000300	1.5288240384507378E-6
S42101035900	T42101000365	4.4874140111279635E-6
S42101035900	T42101000360	3.4137875862423237E-6
S42101035900	T42101000359	2.307395909025935E-4
S42101024900	T42101000277	2.256426613091253E-6
S42101024900	T42101000249	3.0869903993592445E-5
S42101024900	T42101000265	4.4841008560622E-7
S42101024900	T42101000279	8.368093076742297E-7
S42101018400	T42101000297	4.059795086522512E-6
S42101018400	T42101000183	5.659960291328701E-5
S42101018400	T42101000296	1.8634871211117637E-7
S42101018400	T42101000184	1.8338158241419406E-4
S42101016700	T42101000174	4.974689722276513E-8
S42101016700	T42101000167	6.039710328820716E-5
S42101016700	T42101000166	2.6604013701278965E-6
S42101016700	T42101000173	1.4906484444314571E-6
S42101024600	T42101000245	1.0831448397330562E-6
S42101024600	T42101000248	7.401033815757065E-7
S42101024600	T42101000247	3.515233978272435E-6
S42101024600	T42101000246	6.0336417800438214E-5
S42101018500	T42101000183	2.6555774325705E-6
S42101018500	T42101000182	7.304133000135676E-7
S42101018500	T42101000185	6.630515926746624E-5
S42101022000	T42101000220	3.0819299613941406E-4
S42101022000	T42101000222	1.4343473157174752E-6
S42101022000	T42101000221	4.2816183291523665E-6
S42101022000	T42101000218	4.590494396516238E-8
S42101022000	T42101000219	4.084345271792388E-6
S42101000500	T42101000001	1.0557132216338308E-6
S42101000500	T42101000004	2.1240239510137023E-7
S42101000500	T42101000002	1.7951053274270708E-6
S42101000500	T42101000005	4.239229405584016E-5
S42101015600	T42101000162	9.548876397754077E-7
S42101015600	T42101000156	4.176545638460253E-5
S42101015600	T42101000157	2.6181379756146513E-6
S42101036600	T42101000366	2.3748322467321425E-4
S42101036600	T42101036699	2.600000000108673E-8
S42101036600	T42101000142	2.32137398230687E-6
S42101002900	T42101000028	1.5876451818247343E-6
S42101002900	T42101000023	1.24970236038834E-6
S42101002900	T42101000029	3.5412190109740314E-5
S42101002900	T42101000040	1.4799431818089118E-7
S42101002900	T42101000024	3.7768029850194045E-8
S42101001100	T42101000011	3.650568167857604E-5
S42101001100	T42101000010	1.1947832986909853E-6
S42101001100	T42101000009	1.783085022732209E-6
S42101025300	T42101000253	5.613071572825474E-5
S42101025300	T42101000251	4.2281694647973957E-7
S42101025300	T42101000252	1.312358287885975E-6
S42101025300	T42101000254	2.489109037355712E-6
S42101022800	T42101000231	1.928742280880103E-6
S42101022800	T42101000257	6.140417711459301E-8
S42101022800	T42101000227	2.5931131255026877E-6
S42101022800	T42101000228	6.978809041651911E-5
S42101024300	T42101000242	1.5598382670467472E-6
S42101024300	T42101000243	6.742726076441725E-5
S42101024300	T42101000244	1.9798684146940964E-6
S42101024300	T42101000205	3.1708155383843355E-7
S42101027300	T42101000272	1.307227019984386E-6
S42101027300	T42101000273	9.422816428332588E-5
S42101027300	T42101000291	2.5332303047737824E-6
S42101027300	T42101000290	9.509402966143856E-7
S42101027300	T42101000274	1.3305902216851137E-6
S42101027300	T42101000286	8.435978736261285E-7
S42101030300	T42101000312	3.9040805875657684E-8
S42101030300	T42101000302	1.110250331104781E-8
S42101030300	T42101000303	7.442572655485352E-5
S42101030300	T42101000292	8.732407221953538E-7
S42101030300	T42101000318	5.859972495824489E-9
S42101030300	T42101000309	2.5671000147933114E-6
S42101030300	T42101000311	1.950286426463702E-6
S42101028100	T42101000278	6.247793549207271E-7
S42101028100	T42101000283	2.230129517380831E-6
S42101028100	T42101000282	2.0670475819344908E-6
S42101028100	T42101000281	4.877459304575498E-5
S42101017800	T42101000179	7.677245052445523E-7
S42101017800	T42101000178	6.682237698104003E-5
S42101017800	T42101000187	1.3270737500237612E-7
S42101017800	T42101000188	1.9544411387107333E-6
S42101035700	T42101000358	4.33571026143595E-6
S42101035700	T42101000359	3.432516060383526E-6
S42101035700	T42101000357	2.1893752367816945E-4
S42101002200	T42101000019	9.624183825719199E-7
S42101002200	T42101000024	4.557447206839963E-7
S42101002200	T42101000022	2.252146957108263E-5
S42101002200	T42101000023	8.65367325666012E-7
S42101007600	T42101000088	2.5451565762992655E-7
S42101007600	T42101000076	1.1635241533748848E-4
S42101007600	T42101000012	3.9744728074143383E-8
S42101007600	T42101000013	1.0443347791780425E-6
S42101007600	T42101000034	5.2436709743299E-7
S42101007600	T42101000089	2.693272400150188E-6
S42101026700	T42101000267	6.440085730867892E-5
S42101026700	T42101000265	6.323496082825172E-9
S42101026700	T42101000266	8.986032151839595E-7
S42101026700	T42101000268	2.601615980033268E-6
S42101034900	T42101000343	5.423614976776723E-8
S42101034900	T42101000352	3.8567118069984084E-6
S42101034900	T42101000328	2.1303248603538757E-6
S42101034900	T42101000351	3.463256647571888E-8
S42101034900	T42101000349	2.005266946164776E-4
S42101031200	T42101000318	6.462299833633765E-8
S42101031200	T42101000312	4.109915160950165E-5
S42101031200	T42101000313	2.378725392170709E-6
S42101033100	T42101000331	1.2218734519935638E-4
S42101033100	T42101000329	3.386607850854028E-7
S42101033100	T42101000330	2.7729673616201495E-7
S42101033100	T42101000332	7.731029117088975E-8
S42101033100	T42101000343	2.8986869882875072E-6
S42101031400	T42101000315	1.7073161225303445E-6
S42101031400	T42101000332	5.36741964260643E-8
S42101031400	T42101000314	1.1418860688884079E-4
S42101031400	T42101000334	1.8081849472711253E-6
S42101031400	T42101000335	1.9590358449602184E-6
S42101011700	T42101000120	1.9806867468275143E-6
S42101011700	T42101000118	7.143181750492169E-7
S42101011700	T42101000117	6.740614507810635E-5
S42101010800	T42101000109	2.0835963702635293E-6
S42101010800	T42101000108	5.214254266924193E-5
S42101010800	T42101000124	4.700660488813376E-6
S42101010800	T42101000091	3.608888889281972E-9
S42101010800	T42101000110	2.602108277391739E-8
S42101015900	T42101000182	2.273440507728947E-5
S42101015900	T42101000181	8.721560714535886E-8
S42101015900	T42101000180	2.1770947376888374E-6
S42101015900	T42101000159	5.285567766162582E-5
S42101004700	T42101000045	6.279590829960659E-8
S42101004700	T42101004798	8.388348747064939E-5
S42101004700	T42101000046	1.6113413458160294E-9
S42101004700	T42101000039	8.618248006110782E-7
S42101004700	T42101000048	2.4559303341538006E-6
S42101004700	T42101003898	6.165946449239588E-7
S42101003100	T42101000021	9.87453567757259E-7
S42101003100	T42101000030	2.1108062499838765E-6
S42101003100	T42101000022	6.186613461318658E-8
S42101003100	T42101000031	3.851737404762336E-5
S42101001000	T42101000010	7.027956239303342E-5
S42101001000	T42101000366	2.561689505787003E-6
S42101001000	T42101000001	1.5002068199209018E-6
S42101001000	T42101000006	3.068378125238662E-8
S42101026800	T42101000268	7.429906802597552E-5
S42101026800	T42101000269	2.6672285742154917E-6
S42101026800	T42101000270	2.1164208951906754E-6
S42101028400	T42101000287	1.046905542856243E-6
S42101028400	T42101000282	1.1686248616365129E-6
S42101028400	T42101000284	4.566202703014213E-5
S42101028400	T42101000285	2.319744145357421E-6
S42101028400	T42101000197	2.2659291999572793E-7
S42101025000	T42101000249	1.4726645886558046E-6
S42101025000	T42101000248	9.166051153923628E-7
S42101025000	T42101000264	1.5187828250702142E-6
S42101025000	T42101000265	6.050546501117918E-7
S42101025000	T42101000251	2.752383041102827E-7
S42101025000	T42101000250	7.461725451665091E-5
